delta,theta,alpha,beta,rms,label
4.4772720888256e-10,7.268458618696324e-11,7.219031668063191e-12,1.1088763129805008e-11,3.416384267420486e-05,5
3.008548694875109e-10,3.7799514645526223e-11,1.0275514809334681e-11,3.1904243319103986e-11,2.443295551010588e-05,5
3.510073907202958e-10,1.9463802693558888e-11,1.1528803425939185e-11,1.772940250717577e-11,2.9213114896504684e-05,5
1.70925300424077e-10,1.65051573814776e-11,1.0940626958953181e-11,7.913651644354334e-12,1.6383480943422205e-05,5
1.6241148997012237e-10,3.251658071754245e-11,9.248746147590601e-12,6.672603570370025e-12,1.6623081603871982e-05,5
3.725856094061281e-10,8.682192848671441e-11,8.478288160811217e-12,1.02442319610257e-11,2.759341746856623e-05,5
4.622607127020688e-10,5.536871436133554e-11,1.0692704693722449e-11,4.3434320941067484e-11,3.0701499322333483e-05,5
4.0053114091503466e-10,3.997286532270661e-11,4.785339970797997e-12,9.479127388545676e-12,3.1097137355366065e-05,5
2.547469330136339e-10,5.1245104024954464e-11,7.103446644514381e-12,1.0399084194390474e-11,2.023523404944745e-05,5
3.327290006876872e-10,3.379084768561807e-11,6.43645103276757e-12,2.015839587196715e-11,2.5912726870917377e-05,5
3.5842392508018983e-10,3.117425669101962e-11,7.217165151351067e-12,1.1801528002415659e-11,3.051200180368063e-05,5
4.2294245633789326e-10,4.334976452834258e-11,7.354716553345675e-12,1.6811657553012356e-11,3.242549728213187e-05,5
4.3970650354824877e-10,5.677431464717789e-11,7.826980773761614e-12,1.4095181293782184e-11,3.1015669604678746e-05,5
2.3360081509770214e-10,3.858464529941221e-11,5.426765487305088e-12,1.2022995097887576e-11,2.554192014942628e-05,5
1.6195351520910416e-10,1.766445159199888e-11,2.483837170317376e-12,6.576131876190784e-12,1.671773856609558e-05,5
2.7015304335126677e-10,2.7852313333957157e-11,7.367356790475046e-12,1.3440871640773382e-11,2.2366150882418442e-05,5
1.72344800464849e-10,2.4469191153523305e-11,5.1749023729455906e-12,1.2285495169503818e-11,1.929592395688699e-05,5
3.1809619834674027e-10,3.758634655555498e-11,8.320863724737303e-12,1.6174238862545693e-11,2.566656139182196e-05,5
2.7904593526992126e-10,3.0769433287784875e-11,6.3436294206487535e-12,1.089293429931894e-11,2.355863952302745e-05,5
1.437479335208314e-10,2.2974705895895554e-11,5.3256201181357775e-12,1.753366105826809e-11,1.6554650635766937e-05,5
1.6280921811931323e-10,1.3061910961998857e-11,3.8424634885512155e-12,9.391472301311711e-12,1.854608547349599e-05,5
8.624224530422385e-11,1.4296192384298345e-11,3.7886947466190414e-12,7.224080393381879e-12,1.3226404501430237e-05,5
9.920853240792388e-11,1.0589524565366099e-11,4.658690581539996e-12,1.2660699386232331e-11,1.292048151329416e-05,5
5.173166705421167e-11,1.1110410063784146e-11,4.020126786661998e-12,1.1407793404530675e-11,1.1926212764114531e-05,5
1.6766269845467395e-10,2.0197157054204075e-11,3.700099394125179e-12,9.23136042109057e-12,1.69490252940028e-05,5
2.8682858738152897e-10,2.118570174108256e-11,5.521344039357686e-12,1.0463073295141768e-11,2.5060221763198995e-05,5
1.852829309831256e-10,1.842568426891534e-11,4.792946193629891e-12,1.241040401169755e-11,2.2008597440435638e-05,5
8.342853371735787e-11,1.3728953262206329e-11,4.142574479524957e-12,1.2099857688627185e-11,1.383159173032031e-05,5
1.4088215262670247e-10,2.141958556796426e-11,5.757926161256576e-12,1.1699460111902931e-11,2.0458689778025936e-05,5
2.684054402957838e-10,2.477355566044508e-11,5.24424629415276e-12,1.1868151359522174e-11,2.3741789273216786e-05,5
1.7195016002634984e-10,1.9717034502980553e-11,4.995308593357256e-12,1.2586767809196076e-11,1.998295859209272e-05,5
6.984963306281003e-11,2.1326293169988577e-11,4.766575189788809e-12,1.188798851690656e-11,1.2168281822359257e-05,5
1.4642322530573512e-10,1.5981486968098537e-11,4.117962801733018e-12,1.0631721168423226e-11,1.6983295800013383e-05,5
1.0866251301469551e-10,1.4243875000412485e-11,4.320913457190336e-12,1.1592996419015798e-11,1.608186126299764e-05,5
1.128810731479026e-10,1.6946510063125292e-11,4.564488522953314e-12,8.183919791876437e-12,1.6143494796897185e-05,5
2.754752636128946e-10,2.7840944114287907e-11,6.020944516458309e-12,1.0631229731251811e-11,2.3914304295922043e-05,5
1.7781574105202677e-10,1.8373800214890783e-11,5.613587593974151e-12,1.5433323162375953e-11,2.1302358291628236e-05,5
1.8383626559097127e-10,2.078032224461457e-11,5.4421745867884395e-12,1.032461086808092e-11,1.807597938831671e-05,5
6.295265530649037e-11,1.650522928528027e-11,3.911457849686203e-12,1.349498936075439e-11,1.302977857859445e-05,5
1.4159049549600974e-10,1.8343778934384698e-11,4.228514360587403e-12,1.2268926384527468e-11,1.720979763381101e-05,5
2.6334631217193726e-10,2.460828938188594e-11,6.595331832909547e-12,1.2654785386363643e-11,2.548783791901836e-05,5
2.0962900269324822e-10,1.6292256893646332e-11,4.8977844392365105e-12,9.454399899516872e-12,2.012472676432961e-05,5
2.404781639561102e-10,2.0975449976903048e-11,4.426469546711855e-12,1.14368119798492e-11,2.568348492804076e-05,5
1.8843963860125001e-10,2.2505266465442016e-11,5.366842289408929e-12,1.462308163072044e-11,1.9504963964456575e-05,5
8.670853189394707e-11,8.759262278523342e-12,3.4129187643893165e-12,7.22163926620493e-12,1.5023098922138964e-05,5
1.4274487507505782e-10,2.39534650738779e-11,5.74117146633601e-12,1.6186080927560098e-11,1.7931019431172215e-05,5
8.869300082997052e-11,1.596272062930571e-11,5.56189045717475e-12,1.2211740041263344e-11,1.5364526015169967e-05,5
1.5027331201602147e-10,1.8756988548417587e-11,5.149513501394735e-12,1.4896748470069644e-11,1.6822558626888467e-05,5
2.7753499521641153e-10,2.194120082347383e-11,6.255739878149119e-12,1.3488187987152388e-11,2.3372587083270696e-05,5
1.8750666957852564e-10,1.854286891972077e-11,4.601467064647133e-12,8.94356456141134e-12,1.9984091068265346e-05,5
1.1631305280526144e-10,1.8518370505146134e-11,3.651710220776193e-12,9.096119553767827e-12,1.603654062149849e-05,5
2.045194329555864e-10,1.3654786298277997e-11,4.704431478567756e-12,1.0187777947194744e-11,1.841811219069901e-05,5
1.3932614614754988e-10,2.0640390250822276e-11,5.219106228244612e-12,1.1870664236353682e-11,1.9669409262621813e-05,5
1.8329271436653133e-10,1.8402206982068873e-11,5.115967815024455e-12,1.4908395800206616e-11,1.8661164737201138e-05,5
1.1819229967524992e-10,1.611697190895105e-11,5.0926740880634375e-12,1.552846663655421e-11,1.637321407487723e-05,5
1.5841802131867657e-10,1.693389797484662e-11,4.024618634189407e-12,1.3669185202563813e-11,2.1617416131768858e-05,5
1.3033177671174212e-10,1.9551709311486118e-11,5.2599684239723995e-12,1.7268068167674032e-11,1.569387560948184e-05,5
5.1083779804829323e-11,3.2392702755988214e-11,4.58760726030184e-12,1.3865043215473713e-11,1.1233477468146533e-05,5
3.5218148753854224e-11,1.7838762839612642e-11,3.913834464273533e-12,9.31528844591002e-12,9.105830583455666e-06,5
1.6144540594027717e-10,1.76976264374313e-11,4.965035266058339e-12,1.0911654398940336e-11,1.9441496498589115e-05,5
1.4091718351790202e-10,1.7773365899730473e-11,5.24541085751329e-12,1.1138481863976206e-11,1.69258641543492e-05,5
1.5202817979427504e-10,2.0559896614931844e-11,4.3878615079246176e-12,9.481385814816447e-12,1.768056141761287e-05,5
6.133745773520036e-11,1.3075452421501258e-11,3.614094285145435e-12,9.692165301560669e-12,1.3757855366652014e-05,5
1.8789174585617766e-10,1.8894173920271144e-11,4.4603281886191374e-12,1.097672926091398e-11,2.0004676501189682e-05,5
1.855480132983871e-10,1.511604854099016e-11,3.2256068495637303e-12,9.982868504297459e-12,1.795583183642804e-05,5
2.3069948359976902e-10,2.3702738115367956e-11,6.007667008135557e-12,1.825300481075215e-11,2.0274890375924397e-05,5
3.299188731915841e-10,3.117508294413177e-11,6.729238655538756e-12,1.5900897245673895e-11,2.6066459097700544e-05,5
2.272817457287692e-10,1.844521559773058e-11,4.481694055759377e-12,8.356775420320884e-12,2.0419549357428043e-05,5
4.860282593035516e-10,5.2928652486660814e-11,8.871684307558029e-12,1.1768674059303377e-11,3.064199080224324e-05,5
2.4544714391739875e-10,2.333549855221866e-11,5.034955520820353e-12,1.1077416638783107e-11,2.1651874372349437e-05,5
5.350659234457737e-10,4.138490813197766e-11,9.623948273038842e-12,2.199654648945585e-11,3.2839781060826166e-05,5
1.6019197713041352e-10,1.1892410945937342e-11,4.389634313279717e-12,8.271197394606213e-12,2.0341480130735443e-05,5
2.2192044685218396e-10,1.9510380463674918e-11,4.177205331992562e-12,9.378870455093224e-12,2.194661420685622e-05,5
1.0364937151843279e-10,1.223524135936776e-11,3.001398982179968e-12,6.9891978465857035e-12,1.4937146072456413e-05,5
1.7592087451310846e-10,1.849998125579798e-11,5.467864249755928e-12,8.657155236394057e-12,1.882668314835163e-05,5
8.114284805934168e-11,1.560457449302379e-11,3.628553132558341e-12,7.96925795977933e-12,1.2684978457750121e-05,5
1.2202152458554953e-10,1.7832778742942454e-11,5.612895456619916e-12,1.0464835427889236e-11,1.7933738005359484e-05,5
2.349237898078096e-10,2.1518352287097064e-11,5.408182673391728e-12,1.0982978169674416e-11,2.2228885915004325e-05,5
1.6484284769301473e-10,1.7495147784331388e-11,4.814511584216501e-12,1.475908767986908e-11,2.046482036502955e-05,5
7.075052139604761e-11,1.3452845502995947e-11,4.346805610353018e-12,1.2622786904292507e-11,1.3944892268551207e-05,5
1.369674698498847e-10,1.6049242323006718e-11,4.32198360459493e-12,1.1703150731241677e-11,1.659780180908167e-05,5
1.0587649991037531e-10,1.2446565220400367e-11,4.267637450227651e-12,1.2729827827506093e-11,1.476380840415303e-05,5
1.9657084481463111e-10,1.521088846272011e-11,5.0405097474373e-12,9.59328166704917e-12,1.9000750345915617e-05,5
2.208897956874083e-10,2.194749746707107e-11,4.4040434292377976e-12,1.208733601498579e-11,1.997900730131868e-05,5
2.503222098178226e-10,1.7947826946547517e-11,4.431623856051864e-12,9.833896886515095e-12,2.434682301478847e-05,5
3.155687014202471e-10,3.589241633219746e-11,7.046041863741871e-12,1.500236041023944e-11,2.3267485647685396e-05,5
5.103836150014013e-10,4.315399046199654e-11,8.321365376497038e-12,1.8134419096382605e-11,3.514343338857496e-05,5
3.5047536639642847e-10,3.156659872219003e-11,8.235380772756378e-12,1.8606717209707297e-11,2.673301560734361e-05,5
3.076053676818709e-10,2.8494932144247378e-11,7.45693574695342e-12,2.9928518564414016e-11,2.925937081665283e-05,5
5.131724598553023e-10,4.334419072582427e-11,8.010796565584757e-12,1.6468496263179125e-11,3.596207037293847e-05,5
5.326647623074507e-10,5.969566919184244e-11,1.1174705344260658e-11,2.0455733647718898e-11,3.142291753823663e-05,5
6.368295022933599e-10,6.332797743153104e-11,1.556841536032188e-11,2.917189495387052e-11,3.447517873203655e-05,5
6.153853274815983e-10,6.239790034792814e-11,1.3786205587110657e-11,2.500162679750876e-11,3.8887901495360026e-05,5
6.95243771363729e-10,7.867294531386067e-11,1.5004838440103695e-11,3.035946101650335e-11,3.524098220801838e-05,5
6.144343838459647e-10,7.62817718506414e-11,1.38853484089668e-11,3.1458736394340154e-11,3.272894549352255e-05,5
4.880122004993771e-10,4.710708514579816e-11,7.516739282253803e-12,1.9452155472384066e-11,3.05879088131101e-05,5
4.44562261535285e-10,5.132871705462346e-11,7.001307629276903e-12,1.47900086891886e-11,2.687120982544044e-05,5
3.703948483074433e-10,4.0113533716703225e-11,8.602845298587207e-12,1.7737249996591916e-11,2.6371125397086505e-05,5
3.6007617225594953e-10,3.9019723164324056e-11,6.873474281815368e-12,1.4781426064003464e-11,2.7171893506061136e-05,5
3.7284870368426856e-10,4.28747072473196e-11,7.457851352797453e-12,1.3833946580938086e-11,2.5410660184478597e-05,5
5.410343558926055e-10,4.096890951112022e-11,7.817572908400607e-12,1.4106992156828957e-11,3.0355481746768067e-05,5
3.192679989803564e-10,5.5550325237051047e-11,6.055564116600612e-12,9.802174889795822e-12,2.3077590953137742e-05,5
4.305111888596112e-10,4.2037506240785425e-11,6.3798567953941546e-12,1.4460123274323177e-11,2.8255514523577057e-05,5
4.868433023187138e-10,4.181387443502908e-11,7.88780597485564e-12,1.7717922466793145e-11,2.94698736466358e-05,5
3.2317212799591163e-10,2.5589055365932582e-11,5.354139891608037e-12,1.0516577726960133e-11,2.686567935545484e-05,5
3.5979316077247716e-10,2.8069790308585464e-11,7.342933812674344e-12,2.4859157144383513e-11,2.6074846036112032e-05,5
8.827586440266736e-10,4.187965781885475e-11,9.961423109887028e-12,3.0498527637248474e-11,3.811704291997773e-05,5
5.995308276923108e-10,5.448807398760659e-11,8.62602655831202e-12,1.79826889082185e-11,3.604556084399778e-05,5
1.9185094248313415e-10,2.408358158609921e-11,5.530869104622954e-12,9.290612531126925e-12,1.7859344300015323e-05,5
2.7805975884454716e-10,3.110453183668734e-11,5.734802596356338e-12,1.193135264914477e-11,2.030651098384323e-05,5
1.2156796571501072e-10,1.929356101704186e-11,3.6056950556151967e-12,9.647614665276152e-12,1.4734637285798727e-05,5
7.42698935342854e-10,4.9573400858085186e-11,1.0067010546795897e-11,1.523720068133693e-11,3.560713613599482e-05,5
4.842555983787404e-10,3.813626764661091e-11,1.0538978916083566e-11,1.6949858237767415e-11,3.750666055591327e-05,5
6.869506142256091e-10,6.053776958813357e-11,1.2097031131376432e-11,1.839718597469296e-11,4.284242193651144e-05,5
3.1677139769265187e-10,2.18206810863715e-11,7.016258979954178e-12,1.758584699833789e-11,3.127513604789777e-05,5
4.2346537202186996e-10,4.135033201383665e-11,1.0572781770517799e-11,1.3417205438823116e-11,2.7361594151913038e-05,5
1.6314127011437575e-10,2.8080900141218256e-11,5.781189244184363e-12,1.476113456525251e-11,1.8798212927437975e-05,5
2.5676249606232335e-10,2.499092670667647e-11,5.83039682216335e-12,1.4959301755674464e-11,2.3822632291937527e-05,5
2.858408004315301e-10,2.446479270473683e-11,5.0577811995118126e-12,1.1478961077126246e-11,2.1657372073863337e-05,5
3.774547889718801e-10,3.5702364940981e-11,5.596685740440197e-12,9.598783393564635e-12,2.3191574669992554e-05,5
1.2305920888178686e-10,1.7303294374452316e-11,5.490888033588799e-12,1.1566063673240343e-11,1.6405968334398295e-05,5
1.206772662051949e-10,1.7535253012328372e-11,3.912372745978604e-12,1.0356662964606507e-11,1.4964499037834264e-05,5
2.5002186844889696e-10,3.0886822589552267e-11,4.318759965322333e-12,9.086189739166918e-12,2.0758914995640663e-05,5
2.2349540079350783e-10,2.3938268473087697e-11,5.12960709936727e-12,1.2677229951437038e-11,2.129593651815371e-05,5
1.810133464308979e-10,2.6323884710385585e-11,4.856310136687291e-12,1.37545417613782e-11,1.8397999239707308e-05,5
2.1755885800271436e-10,2.9663935266041545e-11,6.595579213028036e-12,1.042833197476098e-11,1.9748646706188897e-05,5
2.458682909010247e-10,2.336860367619197e-11,5.550919420513657e-12,9.790261465164177e-12,1.9582825260871572e-05,5
2.620320167346191e-10,3.5053322757375315e-11,6.426167217974546e-12,1.361161264869856e-11,2.3215601796468016e-05,5
5.368436125665386e-10,4.015300659098939e-11,7.816066793434148e-12,1.622283810807616e-11,3.0468854602351244e-05,5
3.6416595572767515e-10,4.005996884081253e-11,5.5423214943656764e-12,1.2868437290280445e-11,2.314246812317898e-05,5
4.672778933966955e-10,4.635515524928431e-11,5.990363203017342e-12,1.2549119084348538e-11,2.712530192540663e-05,5
2.4883497323120825e-10,2.5669974549500247e-11,5.793571894240499e-12,1.2515514998376136e-11,1.994368924555018e-05,5
2.2764926239191855e-10,2.8007865941036105e-11,5.186630007280894e-12,1.2991780002686675e-11,1.9268037546074898e-05,5
1.557538505661092e-10,2.2002070628997596e-11,5.344757253929687e-12,1.2670343798775769e-11,1.7486554206497085e-05,5
2.401364153249145e-10,3.338011079504328e-11,4.283881018488599e-12,8.149627780750967e-12,1.8686801372422292e-05,5
1.9900877310489958e-10,1.6500964574743338e-11,3.831330882697982e-12,9.008024071497705e-12,1.9478349768032122e-05,5
3.3145385195487627e-10,3.203683648488045e-11,6.022973435828633e-12,1.06421411939849e-11,2.4307219504200518e-05,5
2.0594293093015192e-10,3.355456520077778e-11,5.763315417940007e-12,1.0379392291723779e-11,1.8370084120160282e-05,5
2.0278452246565268e-10,2.8229131387500614e-11,5.9263184418731484e-12,1.2036770272418326e-11,1.8499457327800585e-05,5
1.5321400925432853e-10,1.848534819438311e-11,6.308159997466176e-12,1.2634888751739557e-11,1.7564220946138182e-05,5
2.3974302891286795e-10,2.970139481987376e-11,5.747512203069184e-12,1.4425462968147214e-11,2.105927575394892e-05,5
1.9000653540059705e-10,1.9750714576033158e-11,4.346013047467805e-12,1.1709445341325346e-11,1.7244631377006347e-05,5
3.209907246694758e-10,3.335323121635277e-11,5.4987344183888535e-12,1.3389332136709278e-11,2.3974364821121956e-05,5
2.51528496375651e-10,2.7622978826544427e-11,5.6552052015211296e-12,1.2902736849737556e-11,2.3051518342487266e-05,5
1.8223814986683407e-10,2.1389851232608757e-11,4.770102237103959e-12,1.2551261436857124e-11,1.9845467574566665e-05,5
2.553069655468525e-10,2.465095348239329e-11,5.3168367205966384e-12,1.2290575486296465e-11,2.372808420651045e-05,5
2.4660116386319496e-10,3.045457563375735e-11,7.291974837853787e-12,1.608625553941571e-11,2.2221461472002097e-05,5
2.8860942937752146e-10,2.756834786790125e-11,6.1624302233258294e-12,1.3415463522262707e-11,2.3936251470105992e-05,5
1.9693070996706458e-10,2.4843489567265726e-11,6.136360245470469e-12,1.1385534775561658e-11,1.917995543458814e-05,5
2.976662030913998e-10,3.101513753020914e-11,6.016431400686268e-12,1.7832600608352527e-11,2.0716266886076206e-05,5
2.1425015164391472e-10,2.0000895609582702e-11,4.9820132757353555e-12,1.5102445035421112e-11,2.4327471155829408e-05,5
2.3711534578810543e-10,2.944786538532592e-11,7.29545123138478e-12,1.5428211634584357e-11,2.2101167020515362e-05,5
5.438618580323526e-10,7.222667913349158e-11,2.396747791871557e-11,5.633498822918605e-11,3.726158032026648e-05,5
2.5998510950993734e-10,4.709558302473577e-11,1.02944276290027e-11,4.094601899509276e-11,2.551297661144967e-05,5
3.252013094559723e-10,3.04020141493962e-11,8.2935868180999e-12,1.5612116756610747e-11,2.7984195180857887e-05,5
4.319798573763293e-10,3.7493969032106946e-11,9.410260369317103e-12,2.308178337992666e-11,3.1676712958348486e-05,5
3.191790460931352e-10,3.1278263191665005e-11,6.344626839643039e-12,1.578376460251592e-11,2.9523062547760284e-05,5
3.7593409145079635e-10,4.584723532580605e-11,9.236443058178432e-12,1.8859372536362666e-11,2.9234998104506622e-05,5
4.980017270693503e-10,7.415659175680867e-11,1.2765066471956624e-11,2.2313375431062094e-11,3.316462625002012e-05,5
5.273338415567337e-10,7.039697793068366e-11,1.2880204912895473e-11,2.443894087886721e-11,3.40204851737574e-05,5
4.0781124197812055e-10,4.153042095089509e-11,7.759372021190198e-12,1.6231736624417108e-11,3.1813581101640584e-05,5
4.784207160909692e-10,5.5229296248338736e-11,9.567323622925745e-12,2.1707519031537884e-11,3.155717275164878e-05,5
3.884365510009933e-10,3.549216614400013e-11,1.0566352467958395e-11,2.777146665367112e-11,2.7098879226776424e-05,5
2.9515185616988004e-10,2.8459866161628308e-11,6.8127976448349256e-12,2.1290865937569623e-11,2.6347262828103604e-05,5
3.2829481941887427e-10,3.229478919924841e-11,8.430303523676913e-12,1.6925368897398632e-11,2.3856901601711658e-05,5
4.11088334583626e-10,4.401572209811337e-11,7.93287508866138e-12,1.609218914062696e-11,2.8698482047054504e-05,5
3.492598651586546e-10,4.385211486725124e-11,8.945541873380072e-12,2.6246618148318588e-11,3.0690061957125444e-05,5
3.5370582120782814e-10,5.4395054525365654e-11,9.211551658245343e-12,2.1462237637798382e-11,2.789814072672489e-05,5
1.2369065303347036e-10,2.842203628455146e-11,5.118259184593527e-12,1.1819213690856529e-11,1.814368880910493e-05,5
2.635195610984986e-10,3.9832943033001404e-11,6.093936371267143e-12,9.76336618860249e-12,2.1960599526082448e-05,5
2.482538201134305e-10,4.2139960873641556e-11,7.297573518141415e-12,1.499092322017534e-11,2.164353239355455e-05,5
1.7782527615381613e-10,2.5949798200920104e-11,5.307037621816728e-12,9.073107283853339e-12,1.8340344107583347e-05,5
1.0197573534963848e-10,2.045158413338495e-11,5.2211903501629494e-12,9.834550999693885e-12,1.70422161978151e-05,5
1.916938232013422e-10,1.8043782745774953e-11,5.763388314640508e-12,1.1246348055034162e-11,1.9221572792631005e-05,5
3.345286390495275e-10,3.2090827572851805e-11,5.760934104719491e-12,1.0941308567272818e-11,2.14330888779017e-05,5
2.3407474366251336e-10,2.9776450020705855e-11,4.7585604750120435e-12,1.0484013909249724e-11,2.0380528725250815e-05,5
3.3956577318931844e-10,3.258461085970698e-11,6.455961674074932e-12,1.5296317731778375e-11,2.631404939661161e-05,5
4.535563857478916e-10,4.6387350359216154e-11,7.100806166833102e-12,1.3567328171451946e-11,2.838222786154458e-05,5
2.769724253357574e-10,2.7766328055641307e-11,8.186311275463866e-12,1.2634178283468308e-11,2.3261406466630583e-05,5
2.0133521589102022e-10,2.955965277535438e-11,6.954199535283364e-12,1.673588312990384e-11,2.1666484721825644e-05,5
2.3246952532093566e-10,2.829190492084673e-11,8.193414212387945e-12,1.8931416871644817e-11,2.304909163170789e-05,5
4.071095351986904e-10,2.7690932755489533e-11,8.145232898964601e-12,2.2850283446002583e-11,3.134607291254056e-05,5
3.0592585951755483e-10,3.1144451337900804e-11,7.902066167930328e-12,1.9485434849810157e-11,2.700201095656489e-05,5
3.573251918089618e-10,3.584994931473299e-11,9.768167013690505e-12,1.8539204573010064e-11,2.724341140999379e-05,5
2.761785497723407e-10,3.6823609648889584e-11,7.2074275400508185e-12,1.6532394321470813e-11,2.492443177838245e-05,5
2.3593583977617696e-10,2.4962616457528468e-11,5.083260633098341e-12,1.1287202210295256e-11,2.161353218281206e-05,5
2.3076008416023823e-10,2.283767040926947e-11,7.831162228234045e-12,1.0166964801284857e-11,2.277983966844896e-05,5
3.8985420179960576e-10,3.5064812820736034e-11,7.847111435930322e-12,1.4518610175628855e-11,2.9329394764071787e-05,5
1.5286351616330729e-10,1.7659162490329443e-11,5.237823499578554e-12,1.0434167509958996e-11,1.9910435581390585e-05,5
3.481305940554515e-10,4.71575819438227e-11,1.1040483162993971e-11,2.0624882226193194e-11,2.801084639240391e-05,5
3.746364878248151e-10,3.5281569818672486e-11,8.438732177898507e-12,1.527178925362352e-11,2.8533558688125855e-05,5
3.8062762010003277e-10,2.823220260871746e-11,6.17765013146002e-12,1.445566662493099e-11,2.8938732783494267e-05,5
4.1319703308580057e-10,3.8083309802148114e-11,6.135826923429594e-12,1.8313063901070757e-11,3.179614829600868e-05,5
2.678601423962906e-10,3.386839877684373e-11,7.265841645347907e-12,1.2213500278513103e-11,2.7695862297635068e-05,5
3.5548898142899177e-10,2.8030712348460667e-11,6.799491490026048e-12,1.7827007780446332e-11,3.0248406901724997e-05,5
5.445734994207229e-10,4.061447043747405e-11,5.412159089442417e-12,1.1875037058139512e-11,4.0530123251532956e-05,5
3.395431420599548e-10,3.3862906821183873e-11,7.361746068030973e-12,2.6655782571832116e-11,2.8587298748071402e-05,5
1.3544770048406751e-10,1.652573081850633e-11,3.891336301825324e-12,9.105174625057455e-12,1.9581885470144088e-05,5
3.2705874536398015e-10,4.395848134670344e-11,8.377807526234678e-12,1.8215431341831857e-11,2.8035946840409566e-05,5
4.003585189887749e-10,2.92923987624856e-11,7.153047258108397e-12,1.420052967029877e-11,3.077351837323385e-05,5
6.480712241892815e-10,4.5553794789024587e-11,7.547266594864696e-12,1.5313619693799644e-11,3.746159228462361e-05,5
4.783377664936182e-10,5.194977505138943e-11,9.694412526127768e-12,2.0013426361503642e-11,2.922472879244423e-05,5
2.6255200049572847e-10,2.3250265525797823e-11,5.057840172029388e-12,1.326616176342243e-11,2.539384373504238e-05,5
3.5846191722732005e-10,4.065322840263998e-11,8.454958873884874e-12,2.4309993781854993e-11,2.975169957129943e-05,5
1.5437730411502017e-10,2.0384462401360052e-11,3.825167073114899e-12,8.609689980483498e-12,1.692284797319878e-05,5
1.711676867870617e-10,1.9456183917069083e-11,4.767103398041795e-12,1.0417879268362125e-11,1.7693417859879027e-05,5
2.155734744004572e-10,2.2029554775326497e-11,5.1097186746415834e-12,1.2038575396490253e-11,2.225293366518332e-05,5
1.7586059162261247e-10,2.1621014768679972e-11,4.236823799029385e-12,9.264498067233718e-12,1.9865611917127534e-05,5
1.7501360048971978e-10,1.9037746558228582e-11,5.094693603898952e-12,1.1692515670837407e-11,1.6433842825057104e-05,5
2.5511970601434834e-10,3.289974181124651e-11,7.2813070739144e-12,1.507166096993353e-11,2.2665356222280176e-05,5
4.2819826746064183e-10,4.276690151337562e-11,9.513100951224311e-12,2.3984210150411603e-11,3.175091578848314e-05,5
3.298322486676307e-10,3.3663177914292265e-11,5.932383390267271e-12,1.6398580173107034e-11,2.845015777330309e-05,5
1.5912067071534267e-10,2.0086624760432913e-11,3.4636024725899674e-12,1.0406474895476794e-11,2.1684161690833158e-05,5
2.2889249552830518e-10,2.990379105511278e-11,5.511761549619234e-12,1.473706651313593e-11,2.1628032356680713e-05,5
3.6290069593894745e-10,4.5224986408628446e-11,1.1213803449330881e-11,2.530226766194993e-11,2.7949838296083333e-05,5
1.5543652255304492e-10,3.104943567156967e-11,6.396207205260949e-12,2.3590492386062675e-11,1.9401871566588157e-05,5
1.793369234134066e-10,2.6616148491724546e-11,6.7045010989044475e-12,1.743824617902036e-11,2.006033718540487e-05,5
2.958828247263767e-10,3.2601587834192876e-11,7.180913435395462e-12,1.4689101132304037e-11,2.360869684616052e-05,5
3.560755730136404e-10,3.199379777529177e-11,7.213123131533925e-12,1.777032477450574e-11,2.6710544275652844e-05,5
1.995532686238788e-10,2.0298258990931516e-11,4.713360953548494e-12,1.155855445335044e-11,2.1606404540471945e-05,5
1.2090104494283463e-10,2.1117269331459657e-11,4.8145174743722395e-12,8.793781652080656e-12,1.7113851676929502e-05,5
2.7690134715608513e-10,3.334833525433267e-11,5.692382483603159e-12,1.503210210710456e-11,2.319646372919659e-05,5
3.4383356287463484e-10,2.415334297701654e-11,5.146023750942691e-12,1.6893518987589837e-11,2.4339943888453975e-05,5
8.939791005957011e-11,1.1995908062866207e-11,3.42020057315708e-12,1.054813631371184e-11,1.3697418784409077e-05,5
1.8003197610504057e-10,2.5085399057846764e-11,5.177637801743728e-12,1.5722317879065912e-11,2.1366987546217787e-05,5
3.4215706196068194e-10,3.615446325972064e-11,7.541277065494441e-12,1.473618527477943e-11,2.7159167066350526e-05,5
1.7964192562154409e-10,2.925622227557629e-11,4.5494040292695984e-12,1.2806853066325482e-11,2.446491984086099e-05,5
5.0509889827966e-10,3.026246646757201e-11,7.995322623542083e-12,1.8990795115743238e-11,3.229857678067099e-05,5
3.4794179264569847e-10,3.82930032683605e-11,8.860218127438433e-12,2.0774579931248512e-11,3.046802423971735e-05,5
2.494515253429487e-10,4.128645027216271e-11,6.900767982673684e-12,1.6968153901342018e-11,2.3980300045704015e-05,5
4.5287382080071866e-10,4.348134945729754e-11,9.191429386437896e-12,2.2746952148910495e-11,2.911172573571885e-05,5
2.82383145220324e-10,3.5356300113043353e-11,8.022539851425821e-12,1.931125628552502e-11,2.8273536141579868e-05,5
2.928631078482174e-10,2.358631748348001e-11,6.566732452605402e-12,1.3584314797917286e-11,2.3727308990944327e-05,5
1.3191966750678755e-10,1.8264701200206055e-11,4.27831697538531e-12,8.812338680951573e-12,1.7067861528844532e-05,5
1.8108059480084445e-10,2.638239642012791e-11,6.639122731674055e-12,1.437501609889624e-11,2.0034543811142898e-05,5
2.3064869464032874e-10,2.6989079472503354e-11,5.216727710793768e-12,1.1461149239118768e-11,2.3497146466573728e-05,5
2.758915159167738e-10,3.1643403970040876e-11,6.574076670923507e-12,1.6622448885063718e-11,2.671639111213622e-05,5
3.077176606899696e-10,2.7966538367087682e-11,5.664116259106403e-12,1.4686019806129482e-11,2.480609348153273e-05,5
2.091285610161769e-10,2.6728163544161005e-11,6.8025022191041016e-12,1.7827686960430175e-11,2.091374348586677e-05,5
2.790103083578491e-10,3.146955206137659e-11,4.988038198217881e-12,1.1778224756665693e-11,2.628507565072651e-05,5
5.334090799421199e-10,4.1744222317575075e-11,1.0451344299117103e-11,2.8605734608356733e-11,3.420592936207589e-05,5
3.667051819629311e-10,3.60203562235584e-11,7.604563385795597e-12,1.934412253557774e-11,2.9843115300172352e-05,5
4.5096717110789263e-10,3.594919482000351e-11,9.830849950750503e-12,3.2677778862631765e-11,3.6464255612031204e-05,5
5.682902622021496e-10,3.077446211575362e-11,6.326974532667746e-12,1.3456408977388727e-11,3.806885782915329e-05,5
3.80426172441101e-10,2.7454081218675615e-11,5.190133654539589e-12,1.1960860124970564e-11,3.229995473609388e-05,5
4.958682057184336e-10,4.08059010220747e-11,1.311961923508808e-11,4.0960583858519145e-11,3.8354307765253684e-05,5
5.927408166781481e-10,4.852584526901742e-11,9.99743718257732e-12,2.6403599774845603e-11,3.792487140758843e-05,5
5.523859717276284e-10,4.2948951796443266e-11,8.348937095270946e-12,2.1724698005165237e-11,3.793395992222251e-05,5
6.262448888717115e-10,4.72345368641482e-11,8.424397810040991e-12,1.6386323950888625e-11,3.474229912763391e-05,5
4.3375532630683113e-10,3.0362550787125934e-11,1.0697843104180774e-11,3.7720547434804793e-11,3.2362424562413485e-05,5
3.997940291864893e-10,2.322176636026994e-11,5.943560369579842e-12,1.813116327859709e-11,3.355177996221659e-05,5
4.3004639424852787e-10,2.9000400564269315e-11,6.790105931385305e-12,1.4766876612593952e-11,3.3484811355163305e-05,5
5.998618610257765e-10,3.218396912393213e-11,8.849802265101115e-12,2.5704862363413412e-11,4.366379720225636e-05,5
3.924077930895084e-10,4.260802647978129e-11,6.846239092413612e-12,1.100327012675633e-11,2.9538496592957745e-05,5
4.159283909427692e-10,4.3046050504690005e-11,8.09031711103435e-12,3.4774727835290306e-11,3.144193886865756e-05,5
2.838712368947957e-10,2.8323327445886607e-11,5.5928516536558266e-12,1.267766068561651e-11,2.244291625839316e-05,5
4.334269885716019e-10,3.5957362817098315e-11,7.550369642790023e-12,2.0609255624210692e-11,3.4827921781285725e-05,5
4.2556766441198015e-10,4.472172910565597e-11,1.2310219775906482e-11,2.973504094247616e-11,2.852361309095657e-05,5
5.352329362051226e-10,5.667471210068066e-11,1.063400245874771e-11,2.6240464228595767e-11,3.574134597824762e-05,5
4.607184700865889e-10,7.384985876463682e-11,1.4448710748756534e-11,3.157886952617227e-11,2.9224128114853257e-05,5
3.5951185317936025e-10,4.84867186562635e-11,8.309898802526563e-12,2.9392915474455966e-11,2.8613051003380737e-05,5
3.3146062801099404e-10,3.612133819630392e-11,1.1042004635087541e-11,3.2185695588853584e-11,2.5540203193349932e-05,5
5.471568055395417e-10,4.550633815722301e-11,8.941772475614518e-12,2.343882048884779e-11,3.044570709773005e-05,5
4.102999258739675e-10,4.291874760374463e-11,1.1275908481841549e-11,2.8593835664240923e-11,3.075257937755574e-05,5
5.028076334256543e-10,5.557056370730777e-11,1.0822203052762655e-11,2.7224862928981672e-11,3.211131320135175e-05,5
5.323123511814917e-10,4.015047592964686e-11,8.696823579657937e-12,2.380040499064819e-11,3.719735832759768e-05,5
5.359114827954399e-10,4.582067720512055e-11,1.0546134606203042e-11,2.22955792309731e-11,3.430961762160564e-05,5
5.787905032303746e-10,4.91203055224699e-11,1.2139051291109895e-11,1.973087229136913e-11,3.567816586463614e-05,5
4.2516388560422023e-10,4.55986026184237e-11,9.64494529182164e-12,1.6444323306427382e-11,2.8292037780561858e-05,5
3.4088849903926445e-10,2.8121733862691842e-11,7.098884052287709e-12,1.5488048282726227e-11,2.6046605522423965e-05,5
9.248224365544333e-11,1.531870023531164e-11,2.846952487175065e-12,6.6352183042298275e-12,1.4352318820209002e-05,5
3.243185100974892e-10,2.0062113350340087e-11,6.168012105221962e-12,1.524809544097528e-11,2.9921255428402632e-05,5
1.8039300381543604e-10,1.4473212188654362e-11,4.011238550368441e-12,1.0155602691083386e-11,1.9253766735566795e-05,5
2.336534043266705e-10,1.9395214415801928e-11,4.7341392140644625e-12,1.5128446722436106e-11,2.380219329684439e-05,5
1.2516497021966864e-10,1.6902404514186335e-11,3.5173442005709687e-12,8.20803651999686e-12,1.799611207127995e-05,5
2.743140776988793e-10,2.3378301452364125e-11,6.552931997089615e-12,1.505294067668489e-11,2.8195182308794228e-05,5
3.1582044007638516e-10,1.7721235971133772e-11,4.162742294621122e-12,1.301516772024369e-11,2.5337617687033688e-05,5
7.06449830902014e-11,1.3645693809625645e-11,2.3828575903637954e-12,6.562155128770262e-12,1.4849592361584109e-05,5
8.282230959122586e-11,1.4464869376640808e-11,3.967980180877071e-12,7.206889990820803e-12,1.2417987587903524e-05,5
2.7495315648301165e-10,1.7635082244134646e-11,3.868757085374301e-12,8.41661317549628e-12,2.4759058561352424e-05,5
2.9928523242679903e-10,2.46346909095563e-11,5.318923850378758e-12,1.4254316515565812e-11,2.6057404390812155e-05,5
2.229156489505059e-10,1.7519553899554407e-11,4.645624494019896e-12,9.131103695722231e-12,2.6349037316522134e-05,5
3.710376478405211e-10,2.2432286064052613e-11,5.1980821627552075e-12,1.4696849166286905e-11,3.191488991608856e-05,5
3.5030368552550996e-10,2.2629483869982555e-11,5.518885203651301e-12,1.655464242648038e-11,3.097881544711137e-05,5
3.798000086682951e-10,3.2502394045448595e-11,7.100371452754566e-12,1.1665535805452216e-11,3.0345511869405686e-05,5
3.46220286975647e-10,3.0129126807725295e-11,5.348343841867671e-12,1.159306365560806e-11,2.6147006964704674e-05,5
2.7942482538268957e-10,2.1749935027411622e-11,5.1413533738064725e-12,1.4874798065099395e-11,2.7349873230318026e-05,5
2.9548951969862353e-10,2.6731609938914847e-11,5.927383417364785e-12,1.589814110216382e-11,2.347618557823966e-05,5
2.7624257582828724e-10,3.312762823507814e-11,4.950984164397675e-12,9.629972645878447e-12,2.3691830821479628e-05,5
2.8252322935741166e-10,2.230970603858413e-11,3.5304395331227163e-12,1.2637380189790277e-11,2.5007941539281043e-05,5
2.772265815883408e-10,2.5983467699090814e-11,5.566096225961621e-12,1.3379469740441732e-11,2.7891113479558213e-05,5
3.3606506853051924e-10,3.310353666103475e-11,7.220943767291542e-12,2.0837608270934843e-11,2.9105569772673365e-05,5
4.2235652031158377e-10,3.224597351562323e-11,6.057711311491413e-12,1.8065406572372862e-11,3.3707547832181394e-05,5
2.6200126863478436e-10,2.708956699340422e-11,6.154621534951219e-12,1.2803176987070184e-11,2.366851027832468e-05,5
1.5568760947865707e-10,1.6428164011703822e-11,4.068781830363109e-12,9.777226365572227e-12,1.8300279071421582e-05,5
1.0576668850776342e-10,1.489344188016262e-11,3.729154250583009e-12,8.234876089522301e-12,1.6030106976103246e-05,5
4.6088937878798584e-10,3.883164893652561e-11,7.247534084607577e-12,1.4904616382696226e-11,3.4957566037447265e-05,5
3.2563580281571007e-10,2.422420410649092e-11,6.1881376645543e-12,1.4100191044447123e-11,2.7103552397127465e-05,5
2.1040286002598708e-10,2.6288628019914115e-11,5.032590065794578e-12,1.1714234871489632e-11,2.2709041030958584e-05,5
4.415331635713298e-10,4.413914347538141e-11,1.4726645169617646e-11,4.194916150602273e-11,3.275603285459225e-05,5
4.5551417515006514e-10,4.871810119027251e-11,1.51215145465299e-11,5.1085737454765964e-11,2.959112676121762e-05,5
3.290898876599274e-10,3.715081321876271e-11,1.2726008992186883e-11,3.6682999767729755e-11,2.7967407738586674e-05,5
6.350229500011175e-10,4.5673701416962443e-11,1.5742653091463866e-11,4.7615912274589647e-11,3.6668708781006504e-05,5
4.2833809816260387e-10,3.3534948092999276e-11,7.621297996758392e-12,1.2997630509007478e-11,2.9569865420430906e-05,5
5.272631936735624e-10,4.967390169857073e-11,8.955253867170387e-12,1.8737278323218754e-11,3.094413478228843e-05,5
4.506043946572328e-10,3.7235593805500933e-11,7.59431107809309e-12,1.5715401317621202e-11,2.69641573838533e-05,5
2.438277239615864e-10,2.9990935920278215e-11,5.962368982643817e-12,1.3592048704969672e-11,2.4481172835529893e-05,5
3.288620134360295e-10,4.030734766116492e-11,9.25478736288332e-12,2.6175537213089845e-11,2.8479198869715857e-05,5
4.245717319998376e-10,4.035053075142328e-11,8.278944025220674e-12,1.8710725073002913e-11,2.7564116292164462e-05,5
2.6447638514164183e-10,3.0488325279061734e-11,5.997455133336502e-12,1.4409163681430775e-11,2.448075019545606e-05,5
3.0177359879295674e-10,2.6272016232674776e-11,6.476070638163893e-12,1.4806651221003732e-11,2.4032897616668897e-05,5
1.6365389066005726e-10,3.172732783258823e-11,5.187683852645551e-12,1.602390683015578e-11,2.3942234785193835e-05,5
3.229979871630074e-10,2.6824383932049864e-11,5.290897914389956e-12,1.1415442582990346e-11,2.5354180194196907e-05,5
3.5212172358360654e-10,3.973111143168456e-11,8.011582405834905e-12,1.8412031936331034e-11,2.698235706736677e-05,5
2.763464160481766e-10,2.2016083295953988e-11,5.930051182954185e-12,1.3975264578374805e-11,2.5678086370662792e-05,5
2.569903936944923e-10,3.037356388708396e-11,6.312431538734548e-12,1.1870050980538932e-11,2.2036008455375977e-05,5
2.18291221254184e-10,2.4393526157827637e-11,4.444437886637591e-12,1.573407481124995e-11,2.269398007013615e-05,5
2.7764740059212806e-10,2.5493945715038813e-11,3.769513576630874e-12,1.3007022903956785e-11,2.6352090647584915e-05,5
2.7827448205146945e-10,2.150621187930609e-11,5.084522051848443e-12,1.1897484793963746e-11,2.4336612318947572e-05,5
1.398457009750686e-10,2.179880076265082e-11,5.3201065015460054e-12,1.3446118928809054e-11,1.7233140691630552e-05,5
1.7029773354977202e-10,1.842885910804499e-11,3.774921735995864e-12,9.729956336675863e-12,1.9226221839196256e-05,5
8.584509803360711e-11,2.5363744850431968e-11,5.4512068020504466e-12,8.535290985635889e-12,1.358387300934381e-05,5
1.090633720213972e-10,2.1405066344390892e-11,2.195524238082921e-12,8.807084309365376e-12,1.4954615204315384e-05,5
1.497184261023174e-10,2.2275667088930775e-11,4.494311409564299e-12,8.785880466784381e-12,2.1092135028657113e-05,5
2.162778998977825e-10,2.0021637352117782e-11,5.2123969347795525e-12,1.1882260841608731e-11,1.8986171179705008e-05,5
1.1232374520690949e-10,1.7908711710135246e-11,4.083827900816849e-12,1.2357066263114397e-11,1.4891626070663969e-05,5
1.9076470285811837e-10,2.276415843253368e-11,5.558653391968618e-12,1.1019468482933923e-11,2.0428789701112562e-05,5
3.444951144249458e-10,2.1010323177106658e-11,5.6491600587628955e-12,1.372396683396766e-11,2.5527885407277675e-05,5
2.4351601800058695e-10,2.6607032289814006e-11,5.909931234546439e-12,2.529172963751653e-11,2.292155846844391e-05,5
2.9285060817413017e-10,3.499603276809312e-11,6.749256111460325e-12,1.4396198869189152e-11,2.6104314077592336e-05,5
3.3759589919342713e-10,3.059450691540332e-11,6.899820405219071e-12,1.22380487320197e-11,2.851304479737326e-05,5
1.9883973164884392e-10,1.6440941554008494e-11,4.368937888688693e-12,1.013049669413329e-11,1.9325656770363103e-05,5
2.587596736131295e-10,2.501594880037907e-11,7.68135557384855e-12,1.9702324648263945e-11,2.5109293637420365e-05,5
3.7679372725744196e-10,3.951748212931367e-11,8.331248978011845e-12,1.6709516912647623e-11,2.6483456535145988e-05,5
2.4174238246165764e-10,2.770949653029936e-11,7.761917579362074e-12,1.5736210428051202e-11,2.4683651658767062e-05,5
3.542714706060322e-10,3.774555187301853e-11,5.724530380293293e-12,1.2742349306165835e-11,2.6098230478705745e-05,5
3.4977061862042176e-10,3.714331436495457e-11,6.451484422210742e-12,1.2480971750675634e-11,2.78168013794182e-05,5
3.6414685609163437e-10,3.4246085661261184e-11,8.386052323134127e-12,2.7252858172605237e-11,2.8206763097406368e-05,5
4.2459178902762126e-10,4.404164694627982e-11,9.987736941734052e-12,2.549745359202634e-11,3.4141479760539846e-05,5
3.0529659888967533e-10,3.848130438782758e-11,8.035874765621151e-12,2.2744742646614734e-11,2.833042375038268e-05,5
4.3243665010114193e-10,3.9104753290199584e-11,9.588826486129311e-12,2.0732124399596237e-11,2.957914715856541e-05,5
3.4254020736305713e-10,4.8947335291720374e-11,8.47895129069223e-12,1.637496440333472e-11,2.7578441250369982e-05,5
3.6083017637811737e-10,4.8500466052538065e-11,8.092127471090957e-12,1.443635269762929e-11,2.7046913888340222e-05,5
4.66775089763146e-10,4.396052291503934e-11,8.666121201814005e-12,1.7435297392885232e-11,3.115135674489915e-05,5
2.3120243510879785e-10,2.1045896383767764e-11,5.573081203214247e-12,1.334950687986975e-11,2.4204076900476622e-05,5
2.698867830060116e-10,2.407501007836209e-11,6.120291290258862e-12,1.2728130310969548e-11,2.2728396516700757e-05,5
2.376211282344943e-10,1.929899827184694e-11,5.315072601093618e-12,1.4576095191471562e-11,2.4661187209748754e-05,5
3.573122621304828e-10,3.180304402364241e-11,4.991745831995269e-12,1.3222426227628542e-11,2.6294607033241483e-05,5
2.401917250689288e-10,2.2909919565012225e-11,5.7124053132028725e-12,1.2971996075967297e-11,2.3084710984804005e-05,5
1.480622629966098e-10,2.175328593255671e-11,4.429705429066729e-12,9.026946307637116e-12,1.9106987212396272e-05,5
3.0151370293488046e-10,3.33258434150077e-11,6.25168363362441e-12,1.4252510159578671e-11,2.680206155479772e-05,5
1.8369756456655948e-10,2.082899421296964e-11,5.113967769426795e-12,1.2417878978908223e-11,2.2909489138206566e-05,5
2.6846211006574634e-10,3.3499458209967324e-11,7.07499192742481e-12,1.612595324105805e-11,2.48942158230582e-05,5
1.0740285992724929e-10,1.539882455680588e-11,4.448572985084356e-12,1.2677302393832855e-11,1.8163640742174388e-05,5
2.895046623281544e-10,3.5610723747509294e-11,7.659104851564012e-12,1.5619956080098255e-11,2.416620877289979e-05,5
2.618104850721879e-10,2.572130846173326e-11,6.348280874694368e-12,1.4480289950613517e-11,2.6751163284667422e-05,5
3.2848221999262326e-10,3.779374843056548e-11,6.877185921630932e-12,1.299946979200977e-11,2.6456010322556546e-05,5
1.9997149660167284e-10,2.6309285029781677e-11,5.718783318384252e-12,1.3472442209040752e-11,2.1762361730021678e-05,5
2.45201623203487e-10,3.1443795909650665e-11,6.3632341657970895e-12,1.1314353647984282e-11,2.492677549461034e-05,5
3.4635692940939987e-10,3.380738908665731e-11,5.957616074674973e-12,1.4034589639084452e-11,2.685657952025955e-05,5
5.183217064018243e-10,4.965976965411806e-11,8.975691110815374e-12,1.7293354112518648e-11,3.148990355748841e-05,5
2.2668505859151794e-10,2.709543149821901e-11,4.374915297562232e-12,1.1245233372483594e-11,2.0650090096615434e-05,5
3.3334132091340157e-10,3.471754185623777e-11,7.276381491192728e-12,1.592952014187322e-11,2.6016899102898022e-05,5
3.642172316207119e-10,3.108864343653956e-11,5.951846080577922e-12,1.5061391864664434e-11,2.6670086079493682e-05,5
2.800532313952628e-10,2.8698825020909726e-11,6.4229738622085395e-12,1.8661059177619767e-11,2.6500648912258644e-05,5
2.30791864388878e-10,3.001290214916778e-11,6.8729012762174175e-12,1.6130935679668266e-11,2.4859755373945675e-05,5
2.5743491330378533e-10,2.510109158238814e-11,4.780417135019387e-12,1.2360823489592604e-11,2.387608530228106e-05,5
3.283719847392194e-10,2.979320751294366e-11,6.371668288807459e-12,1.4653842618657935e-11,2.451409127141698e-05,5
2.0646389429598556e-10,1.9823775328419096e-11,5.32877938641725e-12,2.3711489563854623e-11,2.1308569544707637e-05,5
1.1834252490170205e-10,1.61577223619792e-11,3.687114442210886e-12,8.576081805059222e-12,1.682600523064308e-05,5
2.1141016531985542e-10,2.3801817455109545e-11,4.5171859917223335e-12,1.1219704105850587e-11,2.4224802564829526e-05,5
2.897036235394642e-10,3.201107579409827e-11,5.916014001561081e-12,1.528436448501219e-11,2.6833459636409685e-05,5
2.1624741088064879e-10,2.4963493182868996e-11,6.462517373467937e-12,1.748867169157952e-11,1.9332562524966048e-05,5
2.0882157269325675e-10,2.4978455720164994e-11,5.163018077937927e-12,1.3493032541186215e-11,2.138731431939869e-05,5
2.3929569892339896e-10,2.336895945617745e-11,4.839382584170429e-12,1.667976004044013e-11,2.508250804510798e-05,5
2.557150704468446e-10,2.356609780216691e-11,6.7197301231006315e-12,2.4917855759365056e-11,2.469606886113756e-05,5
2.8524935748322757e-10,2.5993287008123204e-11,5.726309568712565e-12,1.8183261326871225e-11,2.3908828180612765e-05,5
2.578273283378722e-10,3.975893162956983e-11,7.00216315318554e-12,2.0535253627629365e-11,2.551421231893808e-05,5
2.721724093218561e-10,3.872527509746034e-11,1.0653301360540972e-11,2.9170546699048817e-11,2.5200812158291116e-05,5
2.975017737786012e-10,2.9030886683570752e-11,6.522144221176445e-12,2.3678901656753626e-11,2.8979044999785844e-05,5
3.404954963424535e-10,2.149266159302011e-11,5.699397914489095e-12,2.3362789985055437e-11,2.6082127560612774e-05,5
2.4579295202869136e-10,1.9776236943437617e-11,4.498042773166835e-12,1.3265678453080787e-11,2.329531714855204e-05,5
4.583063513691476e-10,3.518282159643011e-11,6.833324602703405e-12,2.7119926056218224e-11,3.227133931998114e-05,5
4.099379940745346e-10,3.912317364531619e-11,9.323492051636546e-12,2.7148209731427634e-11,3.309549570148631e-05,5
2.9166640567508236e-10,2.3211169255234436e-11,5.298329551078406e-12,1.2444899103665102e-11,2.6328840521660132e-05,5
3.1371359022841353e-10,2.0424026248660153e-11,4.875949674456163e-12,9.612661985275427e-12,2.833827732096972e-05,5
3.4334978340432846e-10,3.85041088383026e-11,6.154565416544563e-12,1.2682530698603766e-11,2.9722593118445635e-05,5
6.137415339710257e-10,4.847599250701001e-11,7.562206868211506e-12,1.5662817381530723e-11,3.733635250846835e-05,5
3.5664216073568154e-10,3.303831402172378e-11,6.775499693543519e-12,1.512085115601014e-11,3.6501821867667416e-05,5
2.1200743587923568e-10,2.1121020011877303e-11,4.5684200756362514e-12,1.1372183040363915e-11,2.2504685461318508e-05,5
2.99382070944077e-10,2.978917993410187e-11,6.4905842168677366e-12,1.3652345713939306e-11,2.388844713395306e-05,5
2.705203416634857e-10,3.105849620949304e-11,5.6874726954389965e-12,1.475114317895431e-11,2.613821093635167e-05,5
4.180621375512536e-10,3.963154929483194e-11,7.2626524267925276e-12,1.8539923048626936e-11,2.9164706965348896e-05,5
2.591369573452988e-10,2.1918365524388264e-11,5.4629574233431695e-12,1.058249741037128e-11,2.350466744892154e-05,5
2.7137004862492124e-10,2.1538657614580866e-11,6.0521807241274155e-12,1.2420055951534649e-11,2.5112316806358456e-05,5
3.548297643523491e-10,2.413708294407576e-11,5.468536292106361e-12,1.092613130130506e-11,2.603941379516919e-05,5
2.1519903318890354e-10,2.220000218008522e-11,4.113080136145236e-12,1.0251504501909032e-11,2.340119968084202e-05,5
6.719858359142843e-11,1.6190754995299834e-11,2.4751746261962054e-12,7.526572850569227e-12,1.1500971663132672e-05,5
7.667811098514362e-11,1.2777203688933575e-11,3.279527263575849e-12,9.624423614798968e-12,1.2321643911563593e-05,5
4.0261649505789075e-10,2.9489436233919896e-11,6.0391314122693135e-12,1.71982640158148e-11,3.125845310271581e-05,5
2.4834376459459497e-10,3.516270782901437e-11,7.618807973503929e-12,1.7257836096093544e-11,2.517354126233892e-05,5
1.7590178085199055e-10,2.2001535163049033e-11,5.749779517330975e-12,1.3349713043470795e-11,1.8644679635002132e-05,5
1.4736806261052413e-10,2.3886952439882196e-11,5.2043514481044665e-12,1.2962702635968292e-11,1.605454301200406e-05,5
1.7111982035307098e-10,1.6637365479311597e-11,5.3616698329988495e-12,1.4796666129891837e-11,1.8439285743373208e-05,5
1.0769291388557293e-10,2.3514564512095862e-11,4.7724291328006355e-12,1.6027856774047718e-11,1.550507152375618e-05,5
2.3253313526895178e-10,3.4340640059741216e-11,6.321227650567255e-12,1.3208084790976755e-11,2.1176992093469983e-05,5
1.2233303928390543e-10,1.9788731558940543e-11,4.666689190678581e-12,1.2538080593399913e-11,1.4797965336431684e-05,5
2.630196360342256e-10,2.3758639049563376e-11,5.327501158871953e-12,1.737292490741348e-11,2.292418759219898e-05,5
2.741914508206692e-10,3.067115790629005e-11,6.349974098028729e-12,1.7204266546220245e-11,2.219736464153278e-05,5
1.795130123161497e-10,2.4502747957581702e-11,4.7275828519890365e-12,1.4945613674243252e-11,2.063073977851447e-05,5
1.2771486650272005e-10,2.3866542782030262e-11,4.3882724708884916e-12,1.4903837447080303e-11,1.4555261125894068e-05,5
1.9537600613328724e-10,3.3638442479591136e-11,5.491075080424728e-12,1.3320307039488835e-11,1.8018499287933893e-05,5
6.800657474400201e-11,1.876681858127429e-11,3.980101276548442e-12,1.3683388669791567e-11,1.1432280614998149e-05,5
2.5580316836113946e-10,2.568569149634394e-11,5.474055161695436e-12,2.0082404498981694e-11,2.3060021867606737e-05,5
3.362121087880009e-10,3.131550849905214e-11,6.0456152584912626e-12,1.6092723523623168e-11,2.3224298185871922e-05,5
3.30020296272961e-10,3.066974652334753e-11,9.086753387343288e-12,2.820390645893558e-11,2.748684096721668e-05,5
1.4588065570474073e-10,2.534258942461974e-11,4.960387169984851e-12,1.4214871337474729e-11,1.6122556583667988e-05,5
1.6358753953144406e-10,3.520577012764157e-11,6.096024261849421e-12,1.7904723375429625e-11,1.745144098026954e-05,5
2.1479279103668107e-10,3.4042897308776575e-11,5.0842240904893744e-12,1.5781065967324383e-11,1.9211328789963184e-05,5
1.3177384145320302e-10,2.4210546207266518e-11,4.62576935616671e-12,1.4085695827253498e-11,1.593334376281266e-05,5
8.975887042337894e-11,2.1072906211832956e-11,5.110986701583683e-12,1.2836259588022082e-11,1.2150585473779343e-05,5
2.2850150508966413e-10,1.9660971037774587e-11,4.632075837948912e-12,1.8631992498527885e-11,2.19023793657168e-05,5
3.1293008656469034e-10,6.383514998294778e-11,7.464556150125028e-12,2.0777948281464165e-11,2.2931325045017074e-05,5
3.198553328246974e-10,4.5378899726891827e-11,8.502316753120336e-12,1.8213775656851855e-11,2.391829315917925e-05,5
3.1105668256088656e-10,3.152567367577706e-11,6.628664171274287e-12,2.5281847471325034e-11,2.528044477203707e-05,5
1.2397104277124548e-10,2.009311247614128e-11,3.4439009690717295e-12,7.304075662313915e-12,1.537373065119852e-05,5
2.899496436497361e-10,3.556398358812071e-11,5.577832343252637e-12,1.3750046716378244e-11,2.1451105417357865e-05,5
1.96717606514764e-10,2.230251308535362e-11,5.09192143077894e-12,1.3890043880741605e-11,2.1045902980693266e-05,5
1.7736168962737672e-10,1.7903595097216303e-11,4.943340721636357e-12,1.2710530069318926e-11,1.883936236042597e-05,5
1.4444921513063903e-10,2.340881527682777e-11,4.818612262395769e-12,1.475320116534457e-11,1.7446668832048795e-05,5
3.716140401369389e-10,4.281411466677803e-11,6.711452321376781e-12,1.9439515452175336e-11,2.5628966760387638e-05,5
1.4957690501272582e-10,1.6746501731811296e-11,4.306705873729378e-12,1.0429025783673926e-11,1.884099010164921e-05,5
2.158662391641523e-10,2.6433445086456137e-11,5.440445395726744e-12,6.510418919655776e-12,2.2536838164340334e-05,5
2.348988215715165e-10,2.7067934346806283e-11,5.64370801514608e-12,9.94996089562238e-12,2.2583335559427325e-05,5
2.59564951171858e-10,3.176749888664845e-11,3.8016738883756584e-12,1.052451092155889e-11,2.1951735351871738e-05,5
1.6455153714612685e-10,2.750400988967447e-11,4.207896496659692e-12,1.1988437691861953e-11,1.5825750773350646e-05,5
9.092449822096753e-11,1.932210786438713e-11,4.661613289171758e-12,1.661546024516389e-11,1.345083112161456e-05,5
1.3214927015553811e-10,2.633234803610765e-11,5.860137211015107e-12,1.1079522683364194e-11,1.4364815506506683e-05,5
4.340478924798129e-10,5.7067465979491324e-11,9.366991606416123e-12,2.07855675060516e-11,2.7449108217657824e-05,5
3.4229433535203963e-10,4.888483168944524e-11,6.364694373000506e-12,1.0267511705252096e-11,2.436321962782144e-05,5
4.502189865393172e-10,4.236389672661214e-11,7.168953497880362e-12,1.0984351148681645e-11,2.9526901800688423e-05,5
1.8588582152655014e-10,2.0524467435830108e-11,4.289108270673101e-12,1.091240951758271e-11,1.8674468945556948e-05,5
2.9399429180266144e-10,3.0267822889773995e-11,7.570962414579235e-12,1.524430883117952e-11,2.53043983677722e-05,5
2.2300926130710075e-10,3.643011918301923e-11,6.435886268613409e-12,1.3722843915502593e-11,2.1688192997754686e-05,5
2.4954829010326747e-10,2.8350935974067444e-11,6.288059008511078e-12,1.3715021257261614e-11,2.505716282629779e-05,5
1.8907533413765895e-10,2.7511747359111116e-11,6.116707885505722e-12,1.8042861089752926e-11,2.2381370566226658e-05,5
1.0704931623827019e-10,2.509447595904736e-11,5.124839693831452e-12,1.6204627568014766e-11,1.534284702349285e-05,5
2.37722782247588e-10,2.940599904810755e-11,5.602082354856223e-12,1.6082191617955984e-11,2.1908052020513654e-05,5
1.5508497060181338e-10,2.6075029287484433e-11,6.813015047465521e-12,1.6888620787029147e-11,2.047893545398551e-05,5
2.3298903125149284e-10,2.974456275280498e-11,7.637090322465684e-12,1.3896732392113717e-11,2.5731076746691892e-05,5
2.997919601052729e-10,5.0121990096629807e-11,9.191520887725805e-12,2.227616169321386e-11,2.7101883215719782e-05,5
1.9922810817643314e-10,2.889990965119404e-11,6.779022403014833e-12,1.822208900481654e-11,2.2697798475373643e-05,5
2.276912568986592e-10,3.008616521709462e-11,5.791980707180719e-12,1.3751214567176051e-11,2.4747622739205382e-05,5
2.5156872243381835e-10,2.9039921813430606e-11,4.935030829562865e-12,1.1994903441992438e-11,2.4883581873135302e-05,5
2.512004678024098e-10,5.6319834348116324e-11,1.0003175200101453e-11,2.094972124770688e-11,2.1719088188490137e-05,5
3.1051057422319523e-10,4.6365156707155645e-11,7.4048104055553e-12,1.4684320857938355e-11,2.667432518551013e-05,5
3.425718842125496e-10,5.371844595328453e-11,8.135772544627239e-12,1.654525901260813e-11,2.6649991413414253e-05,5
2.4494351556958393e-10,2.063082306895682e-11,5.4873246263019786e-12,1.2384349506101483e-11,2.336696246786631e-05,5
3.415691607676066e-10,2.703163443098726e-11,6.469106299531677e-12,1.5304064512739246e-11,2.5991782576466322e-05,5
1.255306296121125e-10,2.7769394063983497e-11,4.9395281870654715e-12,9.673872959989046e-12,1.7271398763650966e-05,5
1.1175303535190035e-10,2.8509327943266283e-11,5.0433707537317165e-12,9.98182609376496e-12,1.4694082801635255e-05,5
2.5516692171314656e-10,5.0796535723982275e-11,8.861114607111265e-12,2.2039394057881377e-11,2.1119574331064883e-05,5
3.6318651861869163e-10,4.2057355038032245e-11,6.8597814127206105e-12,1.8372876863448637e-11,2.4986611676161183e-05,5
1.1059070917598351e-10,1.2596611302759595e-11,3.9472827832521195e-12,9.862232935118703e-12,1.5419725353904964e-05,5
2.3447217827948114e-10,2.7284054110860202e-11,4.980227851081167e-12,1.1579742036765117e-11,2.3165150972125795e-05,5
2.1706429652677767e-10,2.4883383999737394e-11,5.135018754324284e-12,1.9330874937889516e-11,2.317079031162727e-05,5
2.049875697268044e-10,2.710301773456695e-11,7.193579263521697e-12,1.5376523038152913e-11,2.2273889147628153e-05,5
2.3616489012662233e-10,5.1133645979581396e-11,1.1675380795220222e-11,3.3204442006958926e-11,2.1547037964411205e-05,5
3.3661046321840014e-10,4.3659980103336516e-11,8.338780747617771e-12,2.4125213063595905e-11,2.5248687138560745e-05,5
2.752565893503322e-10,5.301702808280843e-11,8.422124056142359e-12,2.6966106561865348e-11,2.2561202390856532e-05,5
3.7943214898532604e-10,4.6847327655688836e-11,7.131354135361209e-12,2.7520129888113382e-11,2.4473803373754183e-05,5
4.4126677891988616e-10,5.183910273563229e-11,1.0482371845615062e-11,2.3720981616350127e-11,3.135695230086456e-05,5
4.398489338116837e-10,6.015443846619335e-11,9.880866135158176e-12,2.8116116466448484e-11,2.9831883521512546e-05,5
4.0132378029118655e-10,5.856550154330176e-11,7.069601363586651e-12,2.4992225620007878e-11,2.5776323714142638e-05,5
2.8931386463050096e-10,4.290683606103314e-11,7.257757111255402e-12,2.509581952265337e-11,2.3819923626492214e-05,5
6.678224307455246e-10,8.773296135307998e-11,8.795758846205495e-12,2.6707353607535698e-11,3.190466868820648e-05,5
3.0131830093572e-10,5.59863844228677e-11,8.866642474034888e-12,2.3610221037654985e-11,2.2685993051134576e-05,5
4.439018351296169e-10,3.3573994359941264e-11,5.8425287485463054e-12,2.021565937750996e-11,2.9762370033796546e-05,5
5.652076716777775e-10,4.852218883122226e-11,1.0810862372856914e-11,1.9723345606404155e-11,3.075169561747791e-05,5
4.0171390773358447e-10,3.39687004373339e-11,5.98310981114837e-12,1.065598245923335e-11,3.175735406346167e-05,5
4.4833125152994977e-10,5.0309274516951474e-11,5.456413906132298e-12,1.735613603712044e-11,2.5236613698289575e-05,5
2.6011870755858384e-10,3.703187618317716e-11,7.162326263903496e-12,1.7028699204150066e-11,2.7567092423706328e-05,5
1.7052808317424944e-10,3.293147474955336e-11,6.61669207789847e-12,1.8436261601225995e-11,2.3703156621694943e-05,5
5.892205783764045e-10,8.107568364326344e-11,8.610875970538028e-12,2.0845933387197408e-11,3.185268477118429e-05,5
3.363387378366436e-10,4.14390543670717e-11,4.6658095305171675e-12,1.8651794206511727e-11,2.5262801421370567e-05,5
2.22461470796742e-10,1.8685860270195368e-11,3.974224384622907e-12,1.0962408504746171e-11,2.6435588839691762e-05,5
3.5158865510636067e-10,4.126369255616369e-11,5.88534203264931e-12,1.397104748333557e-11,2.3482089659235866e-05,5
3.5853674769214534e-10,5.869516915371889e-11,1.035166214713331e-11,1.957015000408241e-11,2.472687934826538e-05,5
2.861503349379452e-10,5.620478534713227e-11,5.884411320118786e-12,2.0372126650492342e-11,2.081452063941673e-05,5
2.6627760992649605e-10,2.761272552101775e-11,7.289143078871367e-12,1.9323039046528093e-11,2.534440918775583e-05,5
3.535836837702273e-10,4.2318971032948784e-11,8.548905621597525e-12,1.8520501360156787e-11,2.7776933405413576e-05,5
4.783316283149334e-10,4.0900345350102573e-11,8.136265259373557e-12,1.9314872490239324e-11,2.9449962275152023e-05,5
2.5908983571125815e-10,5.2770242362585154e-11,9.235990531874672e-12,2.512357629317903e-11,2.0948695681424302e-05,5
1.88824462694223e-10,3.4548451901673723e-11,6.781494762845292e-12,2.1889296384651114e-11,1.9750924450305686e-05,5
1.1683085067594096e-10,2.7465886503685503e-11,7.686437767610305e-12,2.03301477333354e-11,1.6741387073102755e-05,5
3.349988838092834e-10,5.994972968518299e-11,1.2053595890093442e-11,2.5671879927166866e-11,2.516811209105078e-05,5
4.4947705784300746e-10,3.938525329662693e-11,8.343210167339488e-12,1.9989460584134614e-11,2.9871534120800102e-05,5
3.910570807377164e-10,4.0132478536845165e-11,9.946564095864439e-12,2.1750424580245433e-11,2.5817672843085013e-05,5
3.0232131521342833e-10,3.753258856198734e-11,9.035955815980244e-12,1.9691886630939934e-11,2.6215043524785185e-05,5
3.2958379576388595e-10,3.6333149198046304e-11,7.383734031367566e-12,1.761643134468986e-11,2.61198887666061e-05,5
2.0899134183475874e-10,2.6696806606635353e-11,5.801998282392713e-12,1.9543215370817313e-11,1.997431887099474e-05,5
3.883993511586313e-10,2.73750669828462e-11,6.354118080630121e-12,1.5758037347217037e-11,2.976420962791161e-05,5
1.7490169768477467e-10,1.698750505432811e-11,4.716230634003642e-12,1.4681540476379895e-11,2.181351050213878e-05,5
2.2485801357162337e-10,1.9941550246955076e-11,5.221547899948032e-12,1.427172056503402e-11,2.1498501792876022e-05,5
2.804412456708637e-10,3.846083804017558e-11,5.861723527109424e-12,1.532602969072108e-11,2.3356744516047874e-05,5
4.3000780441002143e-10,4.155896193943952e-11,6.72079765037665e-12,1.4070682855700759e-11,2.8787313302439718e-05,5
2.4740335800946634e-10,2.6968083796301052e-11,6.115279636585311e-12,1.4242329941304663e-11,2.331039046129674e-05,5
2.9175651709142477e-10,3.1351876138831e-11,6.325019658088406e-12,1.2302373267109572e-11,2.3886547363790762e-05,5
2.81889145011489e-10,2.6931940790196495e-11,5.97632478546119e-12,1.633462858326277e-11,2.3215390649039217e-05,5
2.522399079637006e-10,3.6006323050118444e-11,9.098489712104837e-12,1.8608417246816172e-11,2.3932000710259045e-05,5
3.228455414657346e-10,3.0654002030147633e-11,7.104797014918634e-12,1.302585174222889e-11,2.537628508716019e-05,5
2.884655129685261e-10,2.5029482516382423e-11,6.250053205715416e-12,1.549491801205673e-11,2.432683252225664e-05,5
1.9178455099098668e-10,2.050349891688327e-11,4.962483574943556e-12,1.7042955702115515e-11,1.9691693331292967e-05,5
3.2234008524765846e-10,3.949107915700191e-11,1.0140931845143563e-11,1.9792092926753813e-11,2.883824145600448e-05,5
2.4353568952886326e-10,1.861800554678864e-11,5.472000600414584e-12,1.3576683564474867e-11,2.297934908961142e-05,5
3.335160592039605e-10,5.4248152595750624e-11,8.748342810620878e-12,2.6812347489234306e-11,2.4020102354523742e-05,5
3.883798965166761e-10,2.9283743900941255e-11,6.393760032000713e-12,1.5307135214834367e-11,3.5535082251857775e-05,5
6.077138601398421e-10,5.7362129518822716e-11,9.097969075614456e-12,2.3907545727028207e-11,3.540833438315848e-05,5
5.985049216294161e-10,7.331896968305529e-11,1.1346300239401147e-11,2.222053929209353e-11,3.157689976290761e-05,5
7.136551528513993e-10,6.658058722069576e-11,5.8850229916773825e-12,1.111335614984411e-11,3.473870319647058e-05,5
8.230869995352197e-10,6.429687676277671e-11,6.1917753619557235e-12,9.742108079088524e-12,3.51855343221671e-05,5
3.420543114581011e-10,2.5717360140989246e-11,4.657321933976719e-12,8.222450611529957e-12,2.9853834224697206e-05,5
3.8040583761261573e-10,4.677096494076061e-11,9.107485172063153e-12,1.3696439778141024e-11,3.028631138572305e-05,5
5.859905000651554e-10,5.300096724257526e-11,8.829527032100183e-12,1.4801370036458537e-11,4.023352559171826e-05,5
5.602063899985148e-10,7.811581340874869e-11,7.217141170043369e-12,1.6585546946507215e-11,3.4244378026221186e-05,5
4.3168496211945683e-10,5.537119444777457e-11,8.260148819899899e-12,1.629130976555237e-11,2.688518205425231e-05,5
1.82595163818232e-10,2.147934725430352e-11,4.2665478858162365e-12,1.0164655498073748e-11,1.793005917748292e-05,5
1.866082904038557e-10,3.2128025730087187e-11,6.0509556710370094e-12,8.993340446981148e-12,1.804017956352382e-05,5
2.731205185662535e-10,3.740922687256016e-11,6.6043877496399145e-12,1.4657571386608005e-11,2.131476849952254e-05,5
9.080561579422133e-11,1.6927656789630394e-11,5.2958383679661776e-12,1.4846870968934633e-11,1.6565583100666464e-05,5
4.70288593524638e-10,3.8045821795829884e-11,9.635627665789973e-12,2.7150092150394873e-11,3.101510851056496e-05,5
3.244446370695733e-10,2.2765266023821635e-11,7.910749871180055e-12,3.5167688908993243e-11,2.5281464569240415e-05,5
3.2387276699751964e-10,2.7223234136886724e-11,5.799632113615587e-12,1.2363358075143222e-11,2.2303964976252797e-05,5
2.1574957140575054e-10,1.9320786451496846e-11,4.362937404141142e-12,1.4250786264446505e-11,2.063674290216965e-05,5
2.9912700351796053e-10,2.7595611469032067e-11,6.671517387726062e-12,1.5545576207754475e-11,2.2245752147319103e-05,5
2.2218535380915633e-10,2.7592144981590093e-11,4.774928765135405e-12,1.2286199920833659e-11,2.0074991410181246e-05,5
4.5889931543494954e-10,3.5170931393363453e-11,7.200216039242664e-12,1.345127630721207e-11,2.8930398701484e-05,5
5.240386399039047e-10,4.935624921116828e-11,1.0292986847366203e-11,3.206576374006689e-11,2.98141166398297e-05,5
3.512379829009584e-10,3.4462308151066804e-11,8.885717074040506e-12,2.143605272673822e-11,2.623336445675763e-05,5
3.1590856835592377e-10,3.756999846736666e-11,7.938441261772853e-12,1.9327949745292602e-11,2.6767581164547614e-05,5
3.0659892889822835e-10,4.4624840946996147e-11,6.874674613438544e-12,1.3273218875850512e-11,2.327884241580784e-05,5
4.5795663195030605e-10,4.044795936775145e-11,6.2235018169481465e-12,1.1816949249585431e-11,2.6371576076188707e-05,5
3.0585020455753914e-10,4.0115345846242053e-11,6.489123707460836e-12,1.6196493563259026e-11,2.3779286092375092e-05,5
2.2934174512803463e-10,4.363696734423411e-11,6.7205470516526644e-12,1.3717003326324773e-11,2.082305864228656e-05,5
2.5723652187440036e-10,4.0259046881618186e-11,6.615823835119662e-12,1.5089517322349673e-11,2.0323820713014583e-05,5
4.2468019174381134e-10,5.173405191815435e-11,8.999820141434216e-12,1.1229364733106251e-11,2.507818279182481e-05,5
3.572136986466372e-10,5.1846468216005206e-11,9.102047690829594e-12,1.6982643783322653e-11,2.498216102226953e-05,5
1.6272005875208781e-10,2.2643830379849877e-11,5.675241082007787e-12,1.3604320547094345e-11,1.784273671199484e-05,5
3.788302609319309e-10,4.6976632985819743e-11,7.200484314566883e-12,1.502878845785997e-11,2.545937210206752e-05,5
3.5543642117392334e-10,7.38394232071542e-11,7.373778162154029e-12,1.4069431059175686e-11,2.5352952297526694e-05,5
2.845923109796281e-10,4.817187547454222e-11,7.628696208268183e-12,1.4573408033253556e-11,2.1212783981029997e-05,5
3.450261744872254e-10,5.484928834247193e-11,6.8820466201751914e-12,1.3805948672579006e-11,2.449443631777431e-05,5
3.590813590187595e-10,5.1950493037775477e-11,8.511215363620964e-12,1.7805971710169325e-11,2.3757829666371507e-05,5
5.400378168609658e-10,8.162908634009422e-11,6.826689257662249e-12,1.4466294105596215e-11,2.7807334920470694e-05,5
4.620927642329939e-10,5.238169044876604e-11,7.571816245730332e-12,1.7580949581109474e-11,2.7599629964199544e-05,5
4.5947184655015577e-10,4.3868290869228834e-11,6.969358003018698e-12,1.3236554554344187e-11,2.735408748916471e-05,5
2.2729331167062252e-10,2.8189515519369116e-11,5.419448898045258e-12,1.3552030977492091e-11,1.8766612223376578e-05,5
2.885163678745257e-10,3.1713896243556145e-11,5.36995089569965e-12,1.3027631748398379e-11,2.002914094011475e-05,5
2.5644190150413466e-10,3.6667909960883356e-11,6.072977054415751e-12,1.492948969657241e-11,1.9614084469293396e-05,5
3.628614647041395e-10,3.6176142027171294e-11,5.276911233771106e-12,1.0797426918507577e-11,2.161985469863223e-05,5
1.7886766933138576e-10,3.477416326166947e-11,5.816050511447148e-12,4.861622961065016e-12,1.6291833827083416e-05,5
4.193640578533474e-10,5.388451546166302e-11,4.688753782838616e-12,5.368388386386523e-12,2.3439454513231363e-05,5
2.3040559480704296e-10,3.3530834150072635e-11,5.512372135884497e-12,8.985872072298525e-12,1.947336579554409e-05,5
3.6843855413970264e-10,4.193966511862191e-11,5.023614042070321e-12,8.256451901627718e-12,2.2236784397203185e-05,5
2.7093740157888295e-10,3.7108265704160756e-11,5.035441600518692e-12,6.913987999963771e-12,2.0150364879301278e-05,5
5.031935135988309e-10,5.160425107771081e-11,5.764938895094344e-12,9.547505502841045e-12,2.7437112502630335e-05,5
4.493618483820496e-10,4.667740161852555e-11,5.851671937993028e-12,1.4378039992319794e-11,2.4607413980832294e-05,5
4.24904964040549e-10,5.239068823997005e-11,5.597346389407214e-12,1.0930226511640609e-11,2.616007578165282e-05,5
3.342199057468709e-10,4.4319146383125716e-11,7.500897632698995e-12,1.51618876176119e-11,2.24671614349838e-05,5
4.5304591019194274e-10,4.628485147235412e-11,5.8484622385278155e-12,1.4446705728375063e-11,2.4040220383523568e-05,5
3.422230410313082e-10,3.322572104585592e-11,5.7692288673918365e-12,1.054497161313586e-11,2.1692694068751608e-05,5
4.3102640701797123e-10,4.757644989954725e-11,3.936113327811731e-12,1.1095922821044536e-11,2.3684627398163338e-05,5
3.584408789817652e-10,5.049416471583863e-11,6.0872715582604795e-12,1.1538057188070171e-11,2.4126399065981716e-05,5
3.574013462165332e-10,4.813739793094927e-11,7.87345608781123e-12,1.5737617612544175e-11,2.3791975641171124e-05,5
3.8985366663322443e-10,5.061815458309945e-11,5.861547152535922e-12,1.139268659987846e-11,2.4343391891411335e-05,5
2.5449087623391275e-10,3.288560959406345e-11,8.08178868654805e-12,1.0460207798147648e-11,2.0159055015823207e-05,5
5.214103861914344e-10,4.712047532935535e-11,6.828437467406852e-12,1.00528220901977e-11,2.654212071346666e-05,5
3.1644161294329394e-10,3.317333082622567e-11,4.529480871504154e-12,9.085836662908415e-12,2.1255141460079767e-05,5
2.3606478819642537e-10,3.589382785626733e-11,4.550580581656389e-12,8.015007682556404e-12,1.9634330127913337e-05,5
2.2621643950369006e-10,3.175342315309489e-11,4.349085195381468e-12,1.049061223323944e-11,1.8294793536420105e-05,5
3.030486817632188e-10,3.058835121401732e-11,4.695216208822558e-12,1.0109500157241173e-11,2.092768144336058e-05,5
2.3571508283084087e-10,3.185627687378512e-11,4.446602697364781e-12,1.0307584994839987e-11,1.8258221800643008e-05,5
3.2916189305229405e-10,4.998532923468874e-11,6.1382276739197e-12,1.2621890097621838e-11,2.200047830578912e-05,5
2.855710610939653e-10,4.871466320820061e-11,7.104655118226738e-12,1.3114715429710072e-11,2.1042324894570485e-05,5
3.8341999074826517e-10,4.964840197526152e-11,7.123674341320394e-12,1.4122806928948651e-11,2.4152619651548106e-05,5
3.8608801174591263e-10,5.243745625777725e-11,7.356884038387911e-12,1.274815239832245e-11,2.406747677537195e-05,5
3.752303697136501e-10,5.768171769537986e-11,6.2435950945177605e-12,1.402585590221147e-11,2.2713967066648065e-05,5
3.6714533116947715e-10,4.6397492626826006e-11,6.623099696764982e-12,1.4444011928973909e-11,2.2793791751031508e-05,5
3.3420040175428885e-10,3.483984142987624e-11,5.532528168525457e-12,1.2981249825452436e-11,2.237052234303573e-05,5
4.2590649988001337e-10,4.1057575040452597e-11,5.420879122214971e-12,1.1388645506403346e-11,2.9131034278468674e-05,5
4.055297525394024e-10,5.340174733468205e-11,6.596279660971669e-12,1.5571994204851435e-11,2.922051358010334e-05,5
4.5584769988032126e-10,6.122906896576964e-11,8.863305369162433e-12,2.6572775469829774e-11,2.7390632839792082e-05,5
2.569881088860652e-10,4.80236952748512e-11,8.29276410014938e-12,1.7395210163609785e-11,2.2504299094136387e-05,5
3.35977456412236e-10,4.368645813303155e-11,6.772366110268581e-12,1.6861494170931494e-11,2.4867732635798817e-05,5
2.5987580860120097e-10,4.229515126255549e-11,8.565518855311678e-12,1.965539145392908e-11,1.9953136711684298e-05,5
2.0136403972873625e-10,2.8559389022387074e-11,5.344287217016016e-12,1.6573426005623175e-11,1.8246041706207147e-05,5
2.1881236812578317e-10,4.713423679081582e-11,5.6827032090030215e-12,1.4841684127125107e-11,1.986330509850698e-05,5
1.944231975880936e-10,4.010972085626036e-11,6.016431982675165e-12,1.0173524483474204e-11,1.815082805884219e-05,5
3.8195588040684805e-10,5.048349550959427e-11,6.642932306846786e-12,1.3044879210489107e-11,2.6157588992701224e-05,5
3.4692093511304763e-10,4.897700673188889e-11,6.338876787120494e-12,1.4666350936069588e-11,2.3190839225541362e-05,5
3.31134625534088e-10,4.26618529119161e-11,8.595659215215375e-12,1.262534200276586e-11,2.272972417891271e-05,5
2.4850745951374664e-10,3.364059263806228e-11,5.323492112643263e-12,1.3184422784585522e-11,1.9928031182534734e-05,5
2.675125637607614e-10,3.93642180462587e-11,6.817667230061176e-12,1.465180503494173e-11,2.038725959087932e-05,5
3.8968042829369436e-10,5.5620485215754424e-11,8.342863676740714e-12,1.4327681468119139e-11,2.6210892804536045e-05,5
3.7042875548519123e-10,5.100160128012694e-11,5.810818269877433e-12,1.042772721756563e-11,2.361315066058936e-05,5
3.8211568561991627e-10,4.293721755236186e-11,5.682802675375687e-12,1.0310264692719703e-11,2.3923584168615612e-05,5
2.8660554167291757e-10,3.9691058759903775e-11,6.7790957863103915e-12,1.1911980815568895e-11,2.1467589601378597e-05,5
3.4756523120352827e-10,5.405664539497325e-11,7.1854523887571574e-12,1.1891015129085142e-11,2.224465378142755e-05,5
3.4644481255596567e-10,5.2494345122204644e-11,6.715474338667702e-12,9.483305297769458e-12,2.2383581577237627e-05,5
3.478055894814207e-10,5.900583061206581e-11,9.1282523168563e-12,1.9377463670510728e-11,2.4915762697329268e-05,5
3.9292955122458255e-10,6.074163886093711e-11,1.3031860616987573e-11,3.511391015545687e-11,2.6431031927308414e-05,5
3.20011993873199e-10,3.194830067971301e-11,8.53993805921637e-12,1.8662684679035862e-11,2.662300849674645e-05,5
3.6191751055523423e-10,2.33934757102725e-11,6.7233816748896765e-12,2.4664996829463044e-11,3.1571821500671884e-05,5
3.141931195065438e-10,2.885008106798442e-11,6.352682501020952e-12,1.5591605493739927e-11,2.885043811550799e-05,5
3.007604289162018e-10,2.6933801588062486e-11,4.469314273292881e-12,1.5041490497513335e-11,2.483856120947688e-05,5
2.5453387374923627e-10,2.6856250642936986e-11,6.32549743343116e-12,1.8514899397597192e-11,2.2807960420909408e-05,5
2.6233430408848596e-10,3.299520153569947e-11,7.0907359845539755e-12,1.4676780881739892e-11,2.4297382682590638e-05,5
2.173416148522597e-10,2.6291422880344067e-11,4.482583601351404e-12,1.402872336591901e-11,2.2802414622670713e-05,5
2.3183595492463208e-10,2.7176674356776388e-11,6.185891245247519e-12,1.667569070550749e-11,2.3594411253884613e-05,5
1.8413707280258855e-10,2.2908238205901144e-11,4.465540349894692e-12,1.0861859010457236e-11,1.7908207070040512e-05,5
2.6776522101276696e-10,2.1688020496060393e-11,7.471313244845505e-12,2.5595942867946284e-11,2.3202629618734162e-05,5
2.0549370447452772e-10,2.3845100680786694e-11,4.878022872735708e-12,1.1029869828866993e-11,2.0636451832428887e-05,5
2.700479668134917e-10,3.408191763835455e-11,6.921016898984003e-12,1.4754743942147107e-11,2.179954257932129e-05,5
1.8515062258806132e-10,2.1961067637767377e-11,6.004562983647061e-12,1.3591457073516387e-11,2.0364071296975932e-05,5
2.4428239466517355e-10,2.6960560094009193e-11,6.050955453964217e-12,1.4235372424981627e-11,1.9608456318613317e-05,5
2.0214041506848647e-10,2.4742514758580677e-11,5.533844265419454e-12,1.408971734952808e-11,1.991934423353517e-05,5
2.517409547830527e-10,2.8796757640115157e-11,4.031548818136438e-12,1.2972967482397647e-11,2.1583420778333407e-05,5
2.8742888918459485e-10,3.059075524542457e-11,6.725536291568586e-12,1.6202903924157563e-11,2.3049507418241524e-05,5
2.5019439002755923e-10,3.007190588409602e-11,5.443818226021223e-12,1.4124243870669716e-11,2.2350266749846842e-05,5
2.4212851163978455e-10,2.024146929244536e-11,6.509734924041983e-12,1.984459915232308e-11,2.756038267343492e-05,5
4.6541088546524625e-10,3.341148071906291e-11,5.4428539617477926e-12,1.3211415277215192e-11,3.852597355298692e-05,5
3.304005632124954e-10,2.591544611464955e-11,6.637127834892611e-12,2.2337466531571796e-11,3.139579661946451e-05,5
2.5821743638068553e-10,2.4434498660033246e-11,5.499120323134396e-12,2.3205121961598248e-11,2.671650946848564e-05,5
4.5870326737994094e-10,2.6060315074600472e-11,7.589289072103763e-12,1.9721850016917652e-11,3.7093771394034145e-05,5
2.157928088124582e-10,2.234036067404961e-11,4.579589155795084e-12,2.058638157100964e-11,2.9166312401176124e-05,5
3.352989330790922e-10,2.2531984715347552e-11,8.707034271715173e-12,3.233395401590167e-11,2.3413465036223574e-05,5
2.651091841142521e-10,3.855513584320318e-11,7.540249466348746e-12,1.6078065971831656e-11,2.2847474173407712e-05,5
3.550637121515584e-10,3.686225764235145e-11,5.310385405597798e-12,9.491265378088533e-12,2.4760814295381077e-05,5
1.5768782669629425e-10,3.2687891238803414e-11,4.955120779406183e-12,9.92638970765599e-12,1.8715476024066606e-05,5
1.9221198975570288e-10,2.8766717447974627e-11,4.624188324743677e-12,1.1431618296162467e-11,1.7190003941712204e-05,5
6.082417230009804e-10,4.911583642160446e-11,8.543862925102868e-12,2.4942139571210406e-11,3.39232851447957e-05,5
2.409682673423066e-10,3.1282634987076864e-11,5.2973714930014875e-12,8.41616811524545e-12,2.073596614825697e-05,5
2.7957957872029593e-10,3.8458013454105877e-11,6.7485420435841644e-12,1.6743930707552666e-11,2.2979459030167062e-05,5
1.8849869694878631e-10,2.656633827556803e-11,6.571631157570668e-12,1.970454661343096e-11,1.7562185078829912e-05,5
1.2964541773882955e-10,2.5884016965130593e-11,5.996475515757227e-12,2.4667424487413106e-11,1.746037479678451e-05,5
2.7293897943369157e-10,3.7977461454889924e-11,8.422259094203332e-12,3.5623328962474504e-11,2.230766226482119e-05,5
3.227507036280688e-10,4.062250149341051e-11,6.910650262658981e-12,1.573458323880061e-11,2.181065101847244e-05,5
2.225391489664956e-10,4.012487233645891e-11,7.254300280406528e-12,1.8657586534216603e-11,1.8654620919467367e-05,5
1.4273714410374108e-10,3.753005762643089e-11,4.8577002661310134e-12,1.506927904928495e-11,1.5585196785427374e-05,5
1.7009442174403153e-10,4.321292606528376e-11,4.140233572862023e-12,1.6276067220128496e-11,1.8070331171768212e-05,5
2.945400706017863e-10,5.809151861119158e-11,9.074550802874243e-12,2.9711270911361126e-11,2.356799301404886e-05,5
3.4344367960351037e-10,5.710813987319325e-11,1.043804701560055e-11,2.2581160916510628e-11,2.191727278181914e-05,5
1.8954368117068825e-10,5.8071626842720093e-11,7.58732089643847e-12,2.247428788403393e-11,1.8328002919043165e-05,5
2.638184520677628e-10,6.324195313041297e-11,9.939612813074355e-12,2.3374363868100417e-11,2.0380439952012817e-05,5
1.5700599675683128e-10,4.3145796708621375e-11,6.3625142903261795e-12,1.8562864962380945e-11,1.6327487914407378e-05,5
2.3509883203689576e-10,4.19278892383879e-11,7.938229618768337e-12,2.601233581445369e-11,2.0192283824584643e-05,5
2.1383603247414517e-10,2.3483860408515874e-11,6.045520843573652e-12,2.2106150330411485e-11,2.211185434099841e-05,5
2.498871541764868e-10,3.189284796994197e-11,6.591517750098482e-12,2.521671472106099e-11,2.177745335945573e-05,5
1.7887520773765812e-10,2.6689760968410148e-11,4.993379871400531e-12,1.9646745872532883e-11,1.848673630500124e-05,5
1.9889211913123594e-10,4.3664859254143936e-11,9.514341397723135e-12,2.7049032519153703e-11,2.0347408889333545e-05,5
2.3951724497376147e-10,3.30609300683283e-11,8.179498205557039e-12,2.6293137028527006e-11,2.197606357703008e-05,5
1.4797103376118946e-10,2.3961677765357514e-11,5.8113752104945635e-12,3.029133782212479e-11,1.8474004087217794e-05,5
3.514821800777443e-10,4.8758667927444636e-11,6.82616765131744e-12,2.3877366343502457e-11,2.3840315794607978e-05,5
2.2039390613896218e-10,2.4415076458461193e-11,7.016829604481787e-12,2.256078459088253e-11,1.961675647001518e-05,5
2.4581625047582927e-10,3.970724747887206e-11,7.0010045839677655e-12,2.1411406895919943e-11,2.026604016593706e-05,5
3.72648501858157e-10,4.3938804785792295e-11,6.9033463015484154e-12,2.0049082313390188e-11,2.7714566716484124e-05,5
4.3703602328483924e-10,4.630431645497342e-11,7.2262080713647244e-12,1.887527857737754e-11,2.7200331880186514e-05,5
5.063095186671234e-10,6.4983322928767e-11,8.420398052370988e-12,1.2380127655108093e-11,2.8540161665688365e-05,5
3.099775723565549e-10,3.34436082552032e-11,5.421007886905924e-12,1.4409946413364256e-11,2.4854256279732807e-05,5
3.6110223770024845e-10,4.7421309664541604e-11,7.586778841248098e-12,1.334668964694039e-11,2.296662160174561e-05,5
3.6790210538040316e-10,4.682796676653392e-11,7.460604459491506e-12,2.1224688827635656e-11,2.4424491415808506e-05,5
4.704049634516945e-10,5.882655970007816e-11,6.81112512731519e-12,1.6890027175065192e-11,2.8653166966735863e-05,5
4.116412221081371e-10,4.6917063030265636e-11,9.68682771050732e-12,2.1337917141488472e-11,2.6758300636619522e-05,5
3.233708823262971e-10,3.155651395888629e-11,6.883061098100685e-12,3.774381860876949e-11,2.3916144168759036e-05,5
2.821934786757061e-10,4.296472933094671e-11,6.877423439778394e-12,1.680282630523817e-11,2.4467755106363818e-05,5
4.0363331175053916e-10,4.731736999349442e-11,6.58369183393429e-12,1.1752054162781145e-11,2.548343066627201e-05,5
3.197250823079611e-10,4.745030479446101e-11,5.9106866000154985e-12,1.466594911659529e-11,2.525723164936865e-05,5
3.5102688919427917e-10,3.7617065996300145e-11,5.936149699968507e-12,1.2234864821580184e-11,2.6251408305744538e-05,5
3.5020495082482994e-10,3.738029339661109e-11,7.433716207581503e-12,1.3133130875740895e-11,2.4416636502354713e-05,5
2.559419114747114e-10,4.35505664743249e-11,5.7227075403235085e-12,1.1990253504397799e-11,2.316697995525709e-05,5
3.430107322880474e-10,3.40740157316187e-11,5.652480829172651e-12,1.1436335737920973e-11,2.1824122702053646e-05,5
3.121730972883869e-10,3.611128228247126e-11,4.63982964579385e-12,1.1106592721961624e-11,2.625663893355372e-05,5
3.374102553493143e-10,3.3069153035973074e-11,5.312473576190232e-12,1.37541107604e-11,2.47460765950436e-05,5
2.4545686833024124e-10,2.8793674592697223e-11,5.717995799209094e-12,1.7187675028126234e-11,2.1309705569048122e-05,5
1.9954041706085195e-10,3.7346987622886335e-11,8.221789916277164e-12,1.952076999521968e-11,1.728908455134572e-05,5
3.282864660643343e-10,3.799816697532094e-11,6.457206384153241e-12,2.6537605595019346e-11,2.5142647714487694e-05,5
2.1517640686375922e-10,3.08832379243794e-11,6.5650230360306505e-12,1.8554007508932264e-11,2.1347943532392046e-05,5
2.9811687612977635e-10,3.9045847682117726e-11,5.126479782973358e-12,1.6772009952428576e-11,2.3738601176349904e-05,5
1.5346973560277354e-10,2.0029441527053706e-11,4.7039331843379995e-12,1.5822565848428418e-11,1.671817620455242e-05,5
1.6439352219570343e-10,3.035377034630618e-11,6.2363860068237186e-12,1.653064933800757e-11,1.761605541015677e-05,5
2.1754660485837162e-10,2.668904885372201e-11,4.387360094934772e-12,1.810764622111603e-11,2.1055248902635316e-05,5
1.0638017132798254e-10,2.924477852824738e-11,4.445696392473348e-12,2.0393249076021842e-11,1.7933531685357917e-05,5
2.3452611927925964e-10,2.5012239046168242e-11,5.775229598228984e-12,1.6340120945490908e-11,1.774739652346149e-05,5
2.3454808860677825e-10,2.7500259634791045e-11,5.136780866354089e-12,9.703049310016098e-12,2.10887381326172e-05,5
2.4256724348597007e-10,3.386896885294563e-11,5.331490846022757e-12,1.6602227316127717e-11,2.0425923852229176e-05,5
1.4346215793539875e-10,3.209872720399073e-11,4.783034799881677e-12,1.459750153499381e-11,1.5810451045315368e-05,5
1.9228827945259186e-10,3.5625008147869105e-11,3.63733411918587e-12,5.9072182096251565e-12,1.9219463008764907e-05,5
1.4777562308975659e-10,2.613588875844246e-11,3.934475026755281e-12,7.653717939694098e-12,1.824750630403615e-05,5
2.5641353133574656e-10,3.0703603955412465e-11,4.3013844084755665e-12,1.1731976071702783e-11,1.983862510680975e-05,5
2.3200439380848643e-10,2.6020628732531836e-11,4.488573700821651e-12,9.873645141460412e-12,1.988724313006176e-05,5
1.5099155395767805e-10,3.326105787975786e-11,5.130414805091066e-12,9.799125065265806e-12,1.633619742606216e-05,5
1.8059930634234816e-10,2.8096938176618724e-11,4.3902649263171485e-12,1.1422348737457354e-11,1.7527106020651236e-05,5
1.8452788784841207e-10,2.2894086524364093e-11,4.053876401470504e-12,9.125226440673101e-12,1.988951831817827e-05,5
2.0508738427351324e-10,2.6623755640509795e-11,5.556121616582587e-12,1.6084778781158522e-11,1.939822751382993e-05,5
1.9266567367671506e-10,3.316805109170678e-11,5.978755311506879e-12,1.401838324374259e-11,1.7397195642181925e-05,5
2.3527234762577004e-10,3.5030145965909245e-11,6.725810440405467e-12,1.7813484802397722e-11,2.0582140783465286e-05,5
3.403262779335198e-10,7.046681954933405e-11,1.0219646883778309e-11,2.076293234684235e-11,2.5062991288759033e-05,5
2.544464808691012e-10,5.070305820269542e-11,6.383471218775291e-12,2.1157999316652693e-11,2.2340072840273963e-05,5
1.871972193905658e-10,3.128204524227752e-11,5.719517188733732e-12,2.022463988966093e-11,1.9323902763229593e-05,5
1.9238173790372767e-10,4.6465128864860816e-11,6.8848817122572425e-12,1.670220144080697e-11,1.8194789062021308e-05,5
3.156190672523689e-10,4.0941045241929254e-11,6.45901104308317e-12,1.698822759074159e-11,2.2496804382964597e-05,5
3.0576686551825364e-10,3.023529798479338e-11,5.94765905308531e-12,2.1905382247830425e-11,2.3053459116739548e-05,5
3.0086240762446344e-10,3.646701831674837e-11,7.816916469468742e-12,3.758940050235998e-11,2.2419241451729958e-05,5
2.5348833166958427e-10,4.230757200987119e-11,7.714961508760185e-12,1.8699531213565027e-11,2.1080775111396018e-05,5
2.9623850340164274e-10,5.84780923946347e-11,6.820259130958326e-12,1.3012761406968717e-11,2.148712944762099e-05,5
2.868663884408109e-10,4.9662099427786086e-11,9.283633518546707e-12,2.1974752013990548e-11,2.15641610214504e-05,5
2.9129207086704865e-10,4.886778257766195e-11,6.299090752229704e-12,1.381806206864953e-11,2.2832742524353666e-05,5
2.4637806147926485e-10,4.1345774523040216e-11,6.3184889394941695e-12,1.5217187705414888e-11,2.0992628983840192e-05,5
2.592512992126834e-10,3.55550325052808e-11,5.468864462069967e-12,1.8806425271912357e-11,2.133406582118194e-05,5
3.1590275797329377e-10,3.471026275567859e-11,4.821341558564178e-12,1.553488727535782e-11,2.410295885360775e-05,5
3.015392296863767e-10,5.185034873491828e-11,7.099228277698625e-12,1.270065687231898e-11,2.2911449408769298e-05,5
6.939082182692051e-10,6.954044450462678e-11,9.954998240965986e-12,1.885868551312767e-11,3.746571881900356e-05,5
4.0546031130646157e-10,6.054422227174322e-11,1.0349231161046875e-11,1.9154372649720615e-11,2.460475732977415e-05,5
2.9447242419296285e-10,8.012642268953008e-11,8.352001743016217e-12,1.410022779505886e-11,2.0958095239342588e-05,5
2.363162354185336e-10,5.2066518775295864e-11,7.373062112192391e-12,1.5178790465011965e-11,2.0606195918040074e-05,5
3.0520453285921e-10,5.953190730633181e-11,1.0007797063889171e-11,2.119450560215429e-11,2.4073728490238292e-05,5
2.0732612944233282e-10,4.4821315077888176e-11,7.0167398308215176e-12,1.6625919471862393e-11,1.914885322565055e-05,5
2.577487825685272e-10,5.0525059656391265e-11,7.1781891786747e-12,1.9640306933830827e-11,1.9640555062439088e-05,5
2.663342767738621e-10,5.7158562565127206e-11,7.51154153717053e-12,1.590565445805266e-11,1.997709746657707e-05,5
2.8133768453336406e-10,6.138007898560419e-11,9.543738749614944e-12,2.1911245364424713e-11,2.0763125841353076e-05,5
2.585861054543722e-10,3.991909021871275e-11,4.775419266107613e-12,1.926762690308767e-11,2.1227954576734547e-05,5
2.379750209550524e-10,6.103519548076322e-11,8.179541248969084e-12,1.5034115919928432e-11,1.9629943026383305e-05,5
2.4673103827711763e-10,5.224793481264174e-11,6.500754189508419e-12,1.536758316264268e-11,1.8450685602977478e-05,5
2.817588116673263e-10,5.244199833996023e-11,6.915346142566225e-12,1.270691685035237e-11,2.0460030443982144e-05,5
3.0846427825802755e-10,5.54132241321353e-11,8.020734979334385e-12,1.4289184036168114e-11,2.253475304863787e-05,5
5.442208256993189e-10,5.64535267503026e-11,9.420599198038921e-12,1.0163497866952695e-11,3.020316810389351e-05,5
3.111943515287414e-10,4.949184208271671e-11,4.967683777137018e-12,1.0164112762347302e-11,2.1318983612753955e-05,5
6.058159847212565e-10,3.822556352674252e-11,5.5893105639124085e-12,1.3855358711345943e-11,3.388894487069416e-05,5
4.614502619600605e-10,3.865228630376787e-11,7.309773909251085e-12,1.3498919429869146e-11,3.054606319316331e-05,5
3.547062795365905e-10,5.837866416867854e-11,8.116400667094277e-12,8.955316691303038e-12,2.4343869241673043e-05,5
3.300582657267632e-10,4.316587336435368e-11,6.052157293477222e-12,9.210952074919024e-12,2.4262673177417106e-05,5
3.5815045132522615e-10,4.42745821247354e-11,1.1323061603281716e-11,5.413392389487488e-11,2.7403007732089825e-05,5
3.8016700537034907e-10,4.842353117809294e-11,1.4216503045499578e-11,4.108947657902497e-11,2.701739426743142e-05,5
3.322511098171857e-10,3.737074192799224e-11,8.154371106674443e-12,3.045683548186502e-11,2.5761820608392933e-05,5
5.397684105088665e-10,4.5761002783692906e-11,9.801358929047053e-12,3.190688146241651e-11,3.075215962324099e-05,5
5.496040045546534e-10,1.0857576944477758e-10,1.9149300237458072e-11,4.618587291769355e-11,3.159132475649731e-05,5
4.4289735760462367e-10,8.942639524701525e-11,1.3500810795614978e-11,4.342566611235688e-11,2.7720992398692465e-05,5
4.0470236157943766e-10,6.831864098208616e-11,9.254200084528751e-12,1.919438519454837e-11,2.664594777779223e-05,5
3.34607931013182e-10,4.6427868826293453e-11,9.914739917163636e-12,2.987883833773498e-11,2.5076699050083697e-05,5
4.567951030095055e-10,6.732861035254338e-11,8.375677931804384e-12,1.635087160415949e-11,2.8425838572251314e-05,5
3.4131303449922983e-10,5.828584675185261e-11,8.332625135337445e-12,1.1523179010479562e-11,2.495899487550853e-05,5
3.644783422160263e-10,5.84812179711119e-11,7.755820709454145e-12,1.3656911417633562e-11,2.433089103839456e-05,5
2.8684694984476493e-10,4.015172130635222e-11,6.400031411571816e-12,1.5789017316865362e-11,2.2494704016007714e-05,5
3.489697759444256e-10,7.271332767082939e-11,7.463376241772149e-12,1.1583477671022186e-11,2.4099364581119e-05,5
4.0604996230309224e-10,6.247960158949018e-11,8.241897520326767e-12,1.6502747425551897e-11,2.5960418371723762e-05,5
3.565476959511978e-10,5.120655110818784e-11,1.3478239370805374e-11,4.4611883032386845e-11,2.435128600073684e-05,5
4.159717262592614e-10,7.477371052147633e-11,1.1300746769410965e-11,2.0415404188619312e-11,2.647117688472876e-05,5
4.035348612220325e-10,6.648364369000688e-11,1.0838771117907781e-11,3.628102723130217e-11,2.6014866968980753e-05,5
4.863488521768029e-10,6.630375512996374e-11,1.3126353330536013e-11,2.999402681307058e-11,3.349643629918978e-05,5
3.912597567396571e-10,6.342231162401874e-11,7.400324369983625e-12,9.439330053357611e-12,2.4150132769625607e-05,5
2.815553291652965e-10,4.810832421043608e-11,6.036713826412291e-12,8.388216176591597e-12,2.1116996401155448e-05,5
2.6603451361517693e-10,5.6931683521279935e-11,8.27540190888814e-12,9.043423714571505e-12,2.1332963370220086e-05,5
3.781238981441133e-10,5.00728856209536e-11,6.060293104017653e-12,7.858065707639535e-12,2.2250542735955586e-05,5
3.799680631584523e-10,4.3113196577045354e-11,7.273574820419247e-12,9.135063021459574e-12,2.45092899388299e-05,5
2.678763059142298e-10,3.494290349759107e-11,5.01625247631649e-12,1.0740709641089959e-11,2.0092047565863764e-05,5
1.9973418918186553e-10,3.687631624394833e-11,5.381451288708048e-12,8.262174429618417e-12,2.004448146484221e-05,5
4.1754124804409274e-10,5.84252063885842e-11,5.638787365056947e-12,9.07143736266641e-12,2.4194876328617696e-05,5
3.693751417857908e-10,3.224710702279185e-11,4.9609480679331305e-12,1.4162697227741094e-11,2.7994631012433288e-05,5
3.7395487395373165e-10,3.1332897511339514e-11,5.0182791587771265e-12,1.3081993073467951e-11,3.027247297050269e-05,5
2.7695014713936564e-10,3.5441411538457914e-11,6.502686876411875e-12,1.3976791614622268e-11,2.304375851107618e-05,5
2.8939705895023334e-10,5.103173723423711e-11,8.852254177118399e-12,1.8481906217605052e-11,2.167459604760602e-05,5
3.9654558092123477e-10,5.919488992510369e-11,7.947715507324389e-12,1.8422322864147985e-11,2.3813760972373806e-05,5
3.4381778576503103e-10,3.0819885600286426e-11,5.932868925962368e-12,1.5025999162733626e-11,2.360525362769804e-05,5
3.635989812490929e-10,5.702234270888579e-11,1.0630162420715342e-11,2.7377097446701963e-11,2.6173041011672897e-05,5
3.549258797664113e-10,4.91267852939431e-11,8.515175119251514e-12,2.4833277476204565e-11,2.5451023393637875e-05,5
5.123734263891027e-10,7.894839845052147e-11,9.932309947065947e-12,2.3146864953352444e-11,2.7329478935899737e-05,5
4.744164815617897e-10,5.681083969749374e-11,6.114784959556965e-12,1.6052210014872373e-11,2.7457422875597554e-05,5
3.6930793526880303e-10,3.9166651816348486e-11,5.56417653674221e-12,1.207831821635301e-11,2.2819259501247967e-05,5
4.210734348806267e-10,3.842661959860569e-11,6.836336329417804e-12,1.7428362890738068e-11,2.5903555028674577e-05,5
4.2398826471857654e-10,8.264791140744354e-11,1.3716431396966937e-11,3.667083935568101e-11,2.7005394239964506e-05,5
4.056992805277332e-10,5.173349570026016e-11,7.923079927300273e-12,1.3097867906692157e-11,2.6795964759162787e-05,5
3.676299557620514e-10,3.021511110427327e-11,4.641708660101701e-12,1.1927043498006082e-11,2.6172374395805993e-05,5
2.513578087813538e-10,4.365764967909295e-11,6.940076632082089e-12,1.5602598039755935e-11,2.0207581035637496e-05,5
1.6950123779786274e-10,3.0000925512688415e-11,5.7383204590938225e-12,1.7171832596710518e-11,2.0917266135701628e-05,5
3.609975896997434e-10,3.721342306066072e-11,5.488992015631335e-12,1.5530511781762178e-11,2.6313970604396518e-05,5
2.4971812508130024e-10,5.587913656595011e-11,9.19447328774203e-12,2.0211827646565715e-11,2.313766957584591e-05,5
2.6883259319862626e-10,4.7519333514442865e-11,6.046667096296675e-12,1.5296434936780785e-11,2.3547925980358752e-05,5
2.721039934922385e-10,4.7070789879107375e-11,6.4020016482409735e-12,9.904367881898542e-12,2.0867316720851133e-05,5
3.4870346705718306e-10,3.775167774984734e-11,6.484209136335597e-12,2.0104269068378785e-11,2.5534709593370658e-05,5
4.375564825450403e-10,3.8324539602427594e-11,5.8984438604877546e-12,1.5205521068517287e-11,2.580596830731413e-05,5
3.876183665195696e-10,6.148322467922251e-11,1.276963895399155e-11,4.1096411716543204e-11,2.6227826314924466e-05,5
5.189155860366805e-10,6.610730406332887e-11,1.664882980114935e-11,4.152767488342252e-11,2.9667638612213138e-05,5
3.3556420432277627e-10,2.7262897828899843e-11,4.174914821378092e-12,1.2754780535433443e-11,2.410627083110329e-05,5
2.467328792626406e-10,2.3558229783437692e-11,4.043475003615315e-12,1.2034272982372845e-11,2.2642352405396237e-05,5
3.228403319143561e-10,3.298168990807203e-11,1.022564960171373e-11,4.0711814933923444e-11,2.8087009836417505e-05,5
6.124582201361075e-10,3.9550031924420476e-11,8.548898024416694e-12,2.2877163687427986e-11,3.4410007151999124e-05,5
7.064627042671465e-10,3.761341930481484e-11,7.739046413263078e-12,1.812247503643773e-11,3.807452988090322e-05,5
2.2022916750757246e-10,2.2215993149612396e-11,4.264299817748956e-12,1.009875225866217e-11,1.9125379903063e-05,5
3.3917172575138617e-10,4.284507596904776e-11,6.969829881781207e-12,1.01518332701063e-11,2.558443123152989e-05,5
2.841197709143273e-10,4.223974570421321e-11,6.096385056661172e-12,8.13633873686562e-12,2.3124352185933768e-05,5
3.265687597323806e-10,3.6923764181784367e-11,5.7461402612775916e-12,1.0210860835587233e-11,2.2253436028585564e-05,5
2.2279400412282022e-10,2.231815258741104e-11,3.849344874677444e-12,7.792832548751508e-12,2.1157754988496367e-05,5
1.4031107637402303e-10,1.6036142983986688e-11,3.091860436721648e-12,5.7288031264761504e-12,1.6065717577507186e-05,5
3.7182773488801307e-10,2.771351634473488e-11,4.746871558534367e-12,1.0717734638209912e-11,2.4322419866686214e-05,5
3.172631370352268e-10,2.153381185291817e-11,4.190925489785972e-12,9.717173107773993e-12,2.826890192033148e-05,5
2.6166827885870745e-10,2.796236181242208e-11,5.464212717935738e-12,1.0255096331179866e-11,2.2057854069303746e-05,5
1.2937789276564685e-10,2.4457570077148892e-11,4.573717311889061e-12,1.295895780658349e-11,1.7252790447042056e-05,5
2.2803887027936666e-10,2.9089110922853185e-11,4.977647148289756e-12,1.1274926853342916e-11,2.032394153773077e-05,5
3.074894564499568e-10,3.790749764685388e-11,7.0792976997561835e-12,2.8094503899972657e-11,2.3864718159047757e-05,5
2.0810418823066526e-10,2.6374475056899e-11,4.6124447865316304e-12,8.518146650517374e-12,2.105128827107028e-05,5
2.2390148835476572e-10,2.6594588312367346e-11,3.5621203644890773e-12,8.736004444068891e-12,2.240344521400086e-05,5
3.9191708956950134e-10,2.9929406806551374e-11,6.110112605509158e-12,1.6692019585176076e-11,2.7844541214798763e-05,5
3.1124044649078013e-10,3.5833986201944935e-11,7.442286109311489e-12,3.019854467495953e-11,2.6297338999268692e-05,5
2.655370774601828e-10,2.380932015691305e-11,5.2877523942497814e-12,1.4067515313767315e-11,2.5748923102580765e-05,5
5.033910772108075e-10,3.496216087683975e-11,1.1726372896907344e-11,4.101180635795505e-11,3.508736366461391e-05,5
5.143875848890305e-10,5.977869042344694e-11,1.2535362729257858e-11,3.718115927924169e-11,3.2442720783684276e-05,5
4.105198057103677e-10,5.085383418216688e-11,9.612829115989278e-12,3.2098041571494456e-11,2.681646818964516e-05,5
4.18893165830849e-10,4.1640317248441745e-11,7.280031185381652e-12,2.168900008448118e-11,2.8745889806182803e-05,5
3.185258448145411e-10,4.881398560582678e-11,8.035128456074156e-12,1.7406709636710413e-11,2.4578015610498043e-05,5
2.4888647177930784e-10,4.114241629347311e-11,5.373157609277003e-12,1.7070584607245505e-11,2.316164014645933e-05,5
2.809491258824311e-10,2.6762230704463413e-11,5.440986522495493e-12,1.6762681324978537e-11,2.4568254699186894e-05,5
1.814385557733003e-10,1.5632274186720665e-11,4.418735079968266e-12,1.6838229392382725e-11,2.368539437962224e-05,5
5.894232374204862e-10,2.8497563416843873e-11,1.1258984660497761e-11,3.577488155805633e-11,3.461972550393658e-05,5
5.121903207642072e-10,3.334405201784453e-11,5.890167577583519e-12,1.908067594971222e-11,2.7067745102390347e-05,5
3.7799415650833475e-10,6.343539318851141e-11,8.752719435671514e-12,1.6197574717409947e-11,2.521992686966232e-05,5
3.4559084960351424e-10,5.1520949919162107e-11,6.758100489496592e-12,1.6208702692531153e-11,2.241065326455268e-05,5
2.310745465299805e-10,4.7266612783072445e-11,5.628850365049313e-12,1.6265642375521222e-11,1.9820248932961606e-05,5
2.6874421442956136e-10,4.215864922150653e-11,5.367929192655154e-12,1.7932702044399015e-11,2.466926965083587e-05,5
3.545318145704273e-10,6.040860035024204e-11,6.6454704413863124e-12,1.5946068307352064e-11,2.5299926596893973e-05,5
1.5442017371484143e-10,3.3674769854699437e-11,4.482554887289037e-12,1.5720143261903457e-11,1.7761453097910484e-05,5
2.606743519880664e-10,4.0507701912134655e-11,5.519002208846107e-12,1.5893888217248646e-11,2.0412552905221143e-05,5
1.6414044690707047e-10,3.9377912857902586e-11,4.926602078284267e-12,1.4824315204935574e-11,1.7408447604921308e-05,5
2.517292753538333e-10,3.435266571140965e-11,5.026903311437959e-12,1.5259938299628422e-11,1.9453440714013204e-05,5
2.376756055341155e-10,4.2609506548572244e-11,5.526323792030776e-12,2.0473551961573554e-11,2.1773342099100888e-05,5
4.992082226063438e-10,6.101409654431682e-11,1.0156470890008933e-11,1.8742010580084785e-11,2.7738620015602666e-05,5
2.497534649673205e-10,4.864912744981259e-11,7.944804210596612e-12,1.5246036033783725e-11,2.051674496367591e-05,5
3.147142317819288e-10,3.252733729039572e-11,6.095383130091348e-12,1.6303899182374846e-11,2.3071105316624003e-05,5
2.7147370212055963e-10,3.4654028246471566e-11,5.589099468702668e-12,1.488409281873971e-11,2.3051589658544543e-05,5
2.851499403689889e-10,4.053913163060682e-11,5.736446734765479e-12,1.2569448380732383e-11,2.365010342694042e-05,5
3.27480092536869e-10,4.7778102336500445e-11,6.930001830374271e-12,2.153601891999928e-11,2.327702783691631e-05,5
3.561748528275264e-10,5.624681224387633e-11,8.088727952777662e-12,2.2777788263871188e-11,2.39306083498366e-05,5
2.1519071864775666e-10,4.454399891263745e-11,7.40390932141241e-12,2.3328327192981905e-11,2.0018473401930155e-05,5
2.5720287842918723e-10,3.979585330153145e-11,7.062711482529113e-12,2.286576886342107e-11,2.1611052174512615e-05,5
3.069428110903636e-10,4.236050944837327e-11,6.4074867768147256e-12,1.3872917227741712e-11,2.398427760447672e-05,5
2.685087140692153e-10,3.905441492520046e-11,6.971225778344999e-12,1.6978657541646676e-11,2.177975208492145e-05,5
3.9568240227313664e-10,2.955206591195795e-11,5.344645847163137e-12,1.722339294364513e-11,2.659973998277274e-05,5
3.036127964489185e-10,3.7531568785729156e-11,6.90006573024573e-12,3.47849095829196e-11,2.5083230858910636e-05,5
5.131210662644968e-10,5.324415028631284e-11,8.855400287937934e-12,2.6086914264238827e-11,2.7929498924719345e-05,5
4.260316350259935e-10,4.295197000563911e-11,7.422357057911978e-12,1.8966024265185176e-11,2.8121827695406643e-05,5
2.625803319046383e-10,5.003763441759197e-11,8.014306960661019e-12,2.4541916101622135e-11,2.1661113200571172e-05,5
2.6814628904495925e-10,5.68137789087382e-11,8.683261074112169e-12,2.4002464727220697e-11,2.0934260909475055e-05,5
2.7562350118599533e-10,4.988994444840188e-11,7.712797332979206e-12,2.3367828158848875e-11,2.1894915924595616e-05,5
3.3492390003606913e-10,5.2648182480439235e-11,9.143769818589914e-12,2.3967634036478943e-11,2.3895854054066364e-05,5
3.3034502110206767e-10,4.527434066811841e-11,1.0744190687908143e-11,3.1033315808242735e-11,2.5408645032169057e-05,5
5.494206159326949e-10,8.901188423944327e-11,1.3665698879842374e-11,4.6218099976033384e-11,2.972715359199593e-05,5
5.398660578680691e-10,6.721464886238194e-11,1.30001065804448e-11,3.631424444115212e-11,3.232992770801957e-05,5
5.394073519421248e-10,8.024363886108596e-11,1.3016577834849059e-11,3.11360231760986e-11,3.111161671664169e-05,5
7.12334714643821e-10,5.793577491423721e-11,7.77000614293061e-12,1.918879574904574e-11,3.2688775482201995e-05,5
4.585516963138603e-10,6.390224776639345e-11,7.483272963467312e-12,1.3030736418069492e-11,2.7436738873602363e-05,5
4.112696323233493e-10,5.055389672115251e-11,6.180408165841687e-12,1.7144308419319046e-11,2.526512909567648e-05,5
3.4099186422016226e-10,3.7008835457381406e-11,6.5196576696985195e-12,1.712330978416192e-11,2.7914287736256463e-05,5
4.2537315404048703e-10,5.696475862445159e-11,7.002006076957792e-12,9.742431017420837e-12,2.5622176510307272e-05,5
6.046634736547572e-10,5.550406955358364e-11,1.063265494942953e-11,4.402607656688142e-11,3.272824227499383e-05,5
3.0647035693307033e-10,3.331211713252694e-11,8.512009197210567e-12,2.9596824681919853e-11,2.659145643691076e-05,5
3.8137020902049206e-10,2.8934590129741677e-11,6.4640376646281906e-12,1.4497306942291108e-11,3.1176723639650786e-05,5
2.896647182897642e-10,1.783963108356051e-11,4.3524954290880826e-12,1.2361871941118768e-11,2.475050691960953e-05,5
4.493679445854342e-10,4.435901582537377e-11,1.135541252506954e-11,2.6211709975716534e-11,3.409330793269143e-05,5
1.9624108571851983e-10,1.931569928638845e-11,3.3927185008365373e-12,7.831912947702887e-12,2.3204596533212404e-05,5
4.2943626039645516e-10,2.519527767710431e-11,5.098371182294767e-12,1.0436341519687426e-11,3.14819448492166e-05,5
3.755102338641523e-10,4.5734864546597475e-11,6.206202357364493e-12,1.2140509791039039e-11,2.7402701895027254e-05,5
3.705711156864452e-10,3.836645074694223e-11,6.371852317337495e-12,1.303085668349584e-11,2.8466761826827925e-05,5
4.013738796113923e-10,3.728972877133159e-11,8.047958894781355e-12,1.5725873157540114e-11,2.852222268193676e-05,5
3.771003607988429e-10,4.3432499471855765e-11,8.031589082485643e-12,1.7254209407554823e-11,2.7489768763589314e-05,5
4.4262230860438927e-10,4.4283982286042435e-11,7.67474858670771e-12,2.0616940866083224e-11,2.7313805234136982e-05,5
3.114417255507701e-10,1.9975097052129926e-11,4.788046355271141e-12,1.2453377435217993e-11,2.4973180366524355e-05,5
4.155811961662148e-10,2.945064035852532e-11,5.192131869926039e-12,1.2408990134350434e-11,2.860930148957755e-05,5
3.974456079683159e-10,4.2428560348446096e-11,1.2444995822833146e-11,4.1763492151778465e-11,2.9457174151683023e-05,5
1.5623294218344218e-10,1.5117838907452773e-11,4.128866380498341e-12,1.2513944114258087e-11,2.0021289631649536e-05,5
3.1666957177836765e-10,2.8531885385545662e-11,5.8262196784609936e-12,1.423942934293708e-11,2.390429557418789e-05,5
4.511750453431483e-10,3.6845352337483065e-11,1.4703025914718238e-11,5.023887418497045e-11,3.0271937820789564e-05,5
4.4340511184762495e-10,4.688240354493822e-11,1.1363168741427813e-11,5.074605841829729e-11,3.0436441428561274e-05,5
5.125820398916467e-10,4.2697767981345044e-11,1.092706137197092e-11,4.33084714791985e-11,2.986806579361859e-05,5
4.660676222798803e-10,3.700791822141639e-11,9.78044758851865e-12,2.8120056052701566e-11,3.0187505517310443e-05,5
2.676611388820357e-10,3.8270180759945235e-11,6.1677417025259785e-12,1.2313689483751933e-11,2.3131485886763125e-05,5
3.6934774016924993e-10,3.134998990489622e-11,6.669095289513259e-12,1.932116890429806e-11,2.813518212410132e-05,5
4.938752957055776e-10,4.3220309118937745e-11,8.516042058901605e-12,1.7967105951092905e-11,3.171769705237692e-05,5
5.258132620652222e-10,4.0543203421963594e-11,1.0323016312644335e-11,3.650106241231453e-11,2.9465402954489532e-05,5
5.658315233117081e-10,3.1780060967311155e-11,8.467922810204265e-12,2.105596734101598e-11,3.2697087650513253e-05,5
3.7506643451888577e-10,3.095086538240167e-11,7.049363748493568e-12,2.0284596936809276e-11,2.75059313773424e-05,5
5.047753124387184e-10,3.605114888364165e-11,8.735610642377828e-12,3.6385488038066234e-11,3.062001151605838e-05,5
7.442617388617599e-10,4.699129486511838e-11,1.4649567706871333e-11,4.8921396785976965e-11,3.6335621991729365e-05,5
4.790505215917095e-10,3.5199737378452917e-11,8.405798131287227e-12,3.6641022357688857e-11,3.342133562218265e-05,5
4.870324938168989e-10,3.8551699328344424e-11,7.676075381766371e-12,2.0521612408174998e-11,3.303371586308278e-05,5
6.777325233443613e-10,3.898818494292577e-11,8.959596566201625e-12,3.646465973566982e-11,3.456161109400232e-05,5
8.958453163203278e-10,5.413758248647356e-11,1.1920198139186575e-11,2.6458538165406306e-11,3.703676589792961e-05,5
1.132385622365329e-09,6.603328577928791e-11,1.3853352693127804e-11,4.619707922151105e-11,4.49093809361487e-05,5
6.710801380877567e-10,3.2516679939391046e-11,8.055144347370919e-12,1.6959165202493518e-11,4.117848297112769e-05,5
9.806169220905937e-10,4.204464789746722e-11,9.328865093185058e-12,2.628178952937307e-11,4.123929092110183e-05,5
8.258069970425298e-10,5.204296492957819e-11,9.211993833747527e-12,1.6321726584596734e-11,3.839640902568526e-05,5
3.960976962845546e-10,3.494495080684534e-11,6.273872365443638e-12,1.2569092123803958e-11,3.1870323796674306e-05,5
5.597247326175386e-10,2.6520292370088248e-11,5.892353776170442e-12,1.5249980385132693e-11,3.606044614115522e-05,5
3.455936586050795e-10,3.398885263904927e-11,5.722365266675379e-12,1.5824911876209806e-11,2.7142680684523126e-05,5
4.920083127301977e-10,3.6598270375983675e-11,5.3439760690604544e-12,1.2742369614858153e-11,2.9790283594797217e-05,5
3.268304126281134e-10,4.762062302093366e-11,5.948045764441705e-12,1.1036725145706296e-11,2.865886296621016e-05,5
3.3384582651760847e-10,5.1042033803460623e-11,5.3469336408730355e-12,1.2268965049693265e-11,2.59852014663393e-05,5
3.2684398312040334e-10,3.9245356920271203e-11,5.5537638530440806e-12,1.1288251085470832e-11,2.5515399402235093e-05,5
2.6683195939989736e-10,2.5794677728691287e-11,4.379609666822963e-12,9.318945260090343e-12,2.2775737277278726e-05,5
3.2954375367940146e-10,4.3949934765513117e-11,7.393345211488495e-12,1.2644706778666137e-11,2.5742691546284977e-05,5
2.976949969354928e-10,4.6691836438558575e-11,6.233572876491722e-12,1.7154482788699856e-11,2.5092645146454803e-05,5
3.037480969039578e-10,3.098802262901803e-11,5.536028577932971e-12,1.3609883428973955e-11,2.7309940260872907e-05,5
5.261431515674147e-10,3.685544629765192e-11,6.0478098129824625e-12,9.928334683660965e-12,3.959220757419052e-05,5
4.497234688107946e-10,2.338204195615144e-11,5.110803676190449e-12,1.4242729117698768e-11,3.8611684826204e-05,5
5.140420841322324e-10,3.933138037586072e-11,7.689854830673566e-12,1.3601061147669088e-11,3.242471828819045e-05,5
6.579422250774542e-10,6.049002987962392e-11,8.8493534503839e-12,1.6840548940058144e-11,3.6278678065563164e-05,5
6.241690502168986e-10,5.926488750403618e-11,5.502281217304798e-12,1.0796780736792e-11,2.9983468872013644e-05,5
4.0836481454782923e-10,3.0232002285981135e-11,5.195256676250484e-12,1.7182958604150402e-11,2.428714597480859e-05,5
3.908006765210782e-10,4.213737404217423e-11,6.770422437795681e-12,1.574027978906772e-11,2.755446868012167e-05,5
5.373026377830947e-10,3.9478275595499913e-11,6.9709541753781785e-12,1.6240007735332963e-11,2.741032556480982e-05,5
4.0035657225644746e-10,4.707560406149378e-11,4.727298953954232e-12,1.2728211856111691e-11,2.5181147207904475e-05,5
5.388982248491937e-10,5.017138414181478e-11,5.74153485911785e-12,9.378005828251216e-12,2.817138909085998e-05,5
5.812390598104318e-10,5.42468498259373e-11,6.7336682664736276e-12,1.2521649197521264e-11,2.9869076808559907e-05,5
6.142604841862642e-10,5.3847446229706976e-11,6.062307872671419e-12,7.100283708930843e-12,2.950418771843872e-05,5
3.2891226896696167e-10,3.1901766275927664e-11,3.999684071436793e-12,5.556167173520506e-12,2.459373156944653e-05,5
3.0670005290266047e-10,2.6261001574784548e-11,3.5431074008653383e-12,9.788738401006861e-12,2.2656694951022176e-05,5
2.0571177554861563e-10,2.678874234350141e-11,4.014372215075792e-12,1.0422435702534294e-11,1.7784129137946855e-05,5
1.7648879727146173e-10,2.5923238175007976e-11,3.816744238762388e-12,1.0190747267527594e-11,1.8586478477799277e-05,5
3.053765891633988e-10,2.93276726256334e-11,3.347166815905993e-12,5.917340806167424e-12,2.116402940062493e-05,5
1.608242942950311e-10,2.8656793472498912e-11,5.337218948637157e-12,1.3438211173956713e-11,1.6075507675561127e-05,5
1.6075604990719993e-10,1.7504668069898737e-11,3.5742534011916773e-12,7.505844222966256e-12,1.5913461911259864e-05,5
2.8299964939513327e-10,2.0960780691873286e-11,3.523874954504138e-12,8.864293268268738e-12,1.997287508872059e-05,5
2.3258220527070554e-10,2.389406605613435e-11,4.223006683261265e-12,8.879862344929358e-12,1.854139060724823e-05,5
2.833194055402194e-10,2.6643946315038503e-11,5.31211906375223e-12,1.1764485449415716e-11,2.0570604231574674e-05,5
2.3945525949873185e-10,2.54056175459928e-11,3.898334198626013e-12,9.352908194768872e-12,1.97930480741271e-05,5
2.642666686262315e-10,2.641923169517549e-11,3.851189621565772e-12,1.0797681921380433e-11,1.9698253031827516e-05,5
2.38579223657254e-10,3.2532570157608e-11,4.028523703705305e-12,1.3169602850342367e-11,2.08231796939269e-05,5
2.418489749630317e-10,3.279122033342027e-11,5.373514982407476e-12,1.147619344002077e-11,1.9043732471420798e-05,5
2.0048402660269333e-10,3.4843310831170335e-11,6.026172274548352e-12,1.592240110752719e-11,1.826797879266246e-05,5
3.191042481894443e-10,3.44277901203721e-11,3.450142895020471e-12,1.4383471885948383e-11,2.1238059801505506e-05,5
1.91549752085361e-10,2.391977078343561e-11,3.557598451273199e-12,1.1384189240748297e-11,1.7454562736652635e-05,5
2.778658965343657e-10,2.2795788580689915e-11,3.728055491368497e-12,1.2530487333458675e-11,2.0390330766671597e-05,5
2.6170781930478124e-10,2.5559578020694623e-11,3.593878447062241e-12,1.1812779809222737e-11,2.007129674525335e-05,5
2.2468986569940612e-10,2.1595010742857016e-11,4.520511066971828e-12,1.5048769262167912e-11,1.8633879802067956e-05,5
2.536775359274638e-10,2.117484836841711e-11,4.766433399855248e-12,1.938985679671849e-11,1.930974255503137e-05,5
2.070220005851955e-10,2.7339726746210005e-11,5.864658688497036e-12,2.331805026201e-11,1.8332257107549718e-05,5
2.9103525288676676e-10,2.542418044883267e-11,5.76488261904519e-12,3.3480685108966937e-11,2.0890035086166938e-05,5
3.2975352453682007e-10,3.785239278710584e-11,6.487120741673648e-12,3.39557359086605e-11,2.261251450616049e-05,5
2.4019334854326216e-10,2.4280974364986672e-11,5.319822609334073e-12,3.439066161055191e-11,2.1443606713115106e-05,5
4.3106371230812657e-10,3.351131012173853e-11,5.413064297194244e-12,2.276721474174997e-11,2.4681075572683368e-05,5
2.8169962569450105e-10,2.928855256210056e-11,5.689104084802801e-12,2.6545378173434964e-11,2.327862592069047e-05,5
1.9476801005775217e-10,2.7596939363618316e-11,6.934588391536747e-12,3.538431715222804e-11,1.8626574901338653e-05,5
1.371294960735626e-10,1.6039229976462736e-11,5.5863054516922274e-12,3.475892967153971e-11,1.5149792029177571e-05,5
3.495423597635073e-10,2.5932036935140343e-11,6.657694536511183e-12,3.9422616000432146e-11,2.115880114821816e-05,5
2.756594482910216e-10,2.6722654440070474e-11,8.349008438284859e-12,3.9809393674298805e-11,2.2151533553094486e-05,5
2.0308175775187402e-10,2.0905343702052186e-11,5.728252948151029e-12,2.5615449506584327e-11,1.7885725617635133e-05,5
3.0235286183120817e-10,2.8961150919469655e-11,7.133521657835331e-12,3.24614858824166e-11,2.0503894131913383e-05,5
3.64948166360005e-10,3.009243694910388e-11,5.610731299701111e-12,2.082594891363444e-11,2.4458819105247065e-05,5
3.8835541632187426e-10,2.9099079635457924e-11,5.0327938185521584e-12,1.209079497637028e-11,2.696389764712356e-05,5
2.769185088254077e-10,2.434030457646015e-11,3.9893385936863946e-12,8.777903359449292e-12,2.2147343568514147e-05,5
3.841291631598297e-10,3.284875100525236e-11,4.430741422808024e-12,1.1808319313551802e-11,2.359401466809902e-05,5
4.301065679675091e-10,4.121166210367864e-11,4.053928280282025e-12,8.058034006341545e-12,2.586543245922419e-05,5
4.2032988941642083e-10,3.534372108317805e-11,4.475029669043835e-12,8.889549505635518e-12,2.4999974360181113e-05,5
3.3509585461283977e-10,2.725597029655008e-11,3.713305019528655e-12,1.1223324905379027e-11,2.0605351022822832e-05,5
4.082748743816566e-10,3.691422314514006e-11,3.488490845810353e-12,1.0526516858261139e-11,2.4787358533434368e-05,5
6.339639373168677e-10,4.655155675069163e-11,4.102540925682678e-12,8.677214780640102e-12,3.080801408083077e-05,5
4.833405704952741e-10,3.7059025049932265e-11,4.6717299234539e-12,1.741464337311271e-11,2.5999649763826405e-05,5
3.7548042405795705e-10,3.318053024405146e-11,4.05720149345821e-12,1.0423270871866312e-11,2.640113542279887e-05,5
3.4913850557932153e-10,2.9884385824587527e-11,4.343845681682635e-12,1.1083399292823862e-11,2.2709788477463786e-05,5
4.503850509596738e-10,3.41959182850138e-11,3.956150980656058e-12,1.3517895067287461e-11,2.543165241342772e-05,5
3.2224214085236747e-10,2.6010038439958978e-11,3.909711396319093e-12,7.783244047704047e-12,2.2292100832667254e-05,5
3.7143363106037045e-10,2.9169078406326793e-11,4.117191571051253e-12,8.675752771325403e-12,2.3174387364465644e-05,5
3.2955905958551727e-10,2.8830121898021986e-11,3.68846812406842e-12,7.542911598315743e-12,2.189137207765586e-05,5
2.796121113770895e-10,3.8434415746463145e-11,5.445026311774341e-12,6.684617544891124e-12,2.0184402385376032e-05,5
2.3135564333451209e-10,2.8298937897773278e-11,3.8292463451121865e-12,8.833675332500966e-12,1.8566736704256574e-05,5
1.3003841023041845e-10,2.1332285837386745e-11,3.00992732039611e-12,9.278904485220134e-12,1.4310263174352669e-05,5
2.231841120255174e-10,2.397010464913194e-11,3.2693229037400464e-12,9.3718525526704e-12,1.7838580619498492e-05,5
3.210064465874754e-10,3.732206583564191e-11,4.7920972415989e-12,1.1397244270934834e-11,2.258683363537551e-05,5
2.6880808557196104e-10,2.4730421557242998e-11,3.534972102907979e-12,9.408050345378956e-12,1.9517419782863306e-05,5
1.8485749274451998e-10,2.156491678248069e-11,2.7800431853779547e-12,9.95347241808368e-12,1.674227554270191e-05,5
1.9042872331471436e-10,2.7369020725859687e-11,3.6257833012740547e-12,9.160396093214941e-12,1.822081285094698e-05,5
2.0715617149981657e-10,2.475326013481133e-11,5.7451137807770234e-12,1.4450881499974399e-11,1.9493168576092645e-05,5
3.087966035169799e-10,2.928800748352323e-11,6.469438681130727e-12,2.159048455722644e-11,2.2823680435718886e-05,5
3.5590177609819686e-10,3.17370787944086e-11,8.899857907423405e-12,1.858566237259156e-11,2.4609388311877527e-05,5
3.1864851503913715e-10,3.850218250199861e-11,7.998659581913103e-12,1.8332873940686977e-11,2.9662403739726474e-05,5
2.548362061341802e-10,4.2845785328181435e-11,9.417750378419024e-12,2.1352244193489823e-11,2.8290909916866153e-05,5
4.831944275968547e-10,3.9818314138498095e-11,5.707584545236776e-12,1.853873667399168e-11,2.8377920082860215e-05,5
3.7971498464903394e-10,4.126387732559428e-11,9.816473219098543e-12,2.944777978188199e-11,2.6838965447863097e-05,5
2.1550430752479054e-10,3.443654980883278e-11,5.460957300661322e-12,1.1576344223325012e-11,2.2205657832555703e-05,5
2.9991650122659165e-10,4.503763485837314e-11,6.392666817980299e-12,1.0897712852071566e-11,2.6110455833596366e-05,5
4.800493347370952e-10,4.2653383036430557e-11,6.557862499954638e-12,2.0327616256430843e-11,2.929729346836461e-05,5
2.7335299766923025e-10,2.5459490664707543e-11,5.560125953954074e-12,1.3486429614835847e-11,2.3868307849616512e-05,5
3.010699915121225e-10,2.988546461098669e-11,6.910333533303681e-12,1.7103675830223134e-11,2.337153819455301e-05,5
2.3998741406341785e-10,2.433863108088565e-11,4.929787351565088e-12,1.4356956154314396e-11,2.7349203487023562e-05,5
3.1674541408588727e-10,2.591718738666079e-11,5.48241374586765e-12,1.2613873475262588e-11,2.2967107039257394e-05,5
2.7120508087524135e-10,2.9182142901805873e-11,5.656864942575137e-12,1.4344545735045057e-11,2.7506142199026673e-05,5
2.859474036911251e-10,2.1761365694417734e-11,5.09736897092435e-12,1.266048920352185e-11,2.4740953889716954e-05,5
4.0309220544492086e-10,3.633252244187429e-11,5.270085206036114e-12,1.1441498807362092e-11,2.6508062126694896e-05,5
2.7359314110468514e-10,1.9705170983754008e-11,3.76685702192752e-12,1.2035312465407313e-11,3.118704047153508e-05,5
2.3620328134389434e-10,3.5656374630714764e-11,6.340266009175034e-12,1.4285937224427544e-11,2.535964374387956e-05,5
4.0471870547945047e-10,5.4255709889943956e-11,9.27028119997834e-12,2.6822662451513933e-11,2.690813753691116e-05,5
4.0965224004127877e-10,3.614627316966359e-11,7.008680168929036e-12,3.322446332474035e-11,3.0147370627102025e-05,5
3.204077623631124e-10,1.9479874656324785e-11,4.450656609557089e-12,1.2767223401275695e-11,2.68493524016653e-05,5
3.692639723992354e-10,3.629727801600917e-11,4.948734309749077e-12,1.0116147701950609e-11,2.568122264979014e-05,5
3.043395674335481e-10,3.997942189157591e-11,7.1305843477902e-12,1.084339186597142e-11,2.87399545313212e-05,5
1.5353407433079136e-10,1.9003541616167318e-11,4.756388026716062e-12,8.139042000043984e-12,1.8871894103326698e-05,5
3.274528505534191e-10,3.0403921007659985e-11,7.50365016112443e-12,1.1267079790714485e-11,3.268410522125076e-05,5
3.0532782228438616e-10,2.5012768246901342e-11,5.159335871031519e-12,1.1201328933262096e-11,2.4340647572172196e-05,5
2.6405123548774845e-10,2.3418474971115574e-11,4.752028198869343e-12,1.0909872583976355e-11,2.362471640014659e-05,5
4.737253574462308e-10,5.269844269152777e-11,7.932950540664347e-12,1.4322456329370338e-11,3.3592130204091445e-05,5
9.984599235797454e-10,1.1257862539522938e-10,1.2252169390757766e-11,1.501908090546395e-11,4.463816757055357e-05,5
4.4974490567418376e-10,4.13081993847039e-11,6.401715908757804e-12,1.2077352894988092e-11,2.8764448288059297e-05,5
6.030928730167836e-10,2.1517509714880683e-11,5.709944701959737e-12,1.244582290664719e-11,4.217380777778313e-05,5
8.178048548958922e-11,1.0422411094452224e-11,1.0647130679175067e-11,8.140787010193149e-12,1.9166952985896887e-05,5
1.071341885571123e-10,2.0628540846555785e-11,1.0923718903145195e-11,5.2026563397680705e-12,1.4934307862193893e-05,5
5.40218253451231e-11,3.606004241390459e-11,1.1988252707320453e-11,6.976482455395183e-12,1.41014531434164e-05,5
3.0159800103577324e-11,4.113303470905029e-11,1.3372934898533781e-11,4.777543544934887e-12,1.0363271258500676e-05,5
4.537568006894208e-11,5.097107578772419e-11,1.2145535189932188e-11,7.084107976810282e-12,1.2986924169088977e-05,5
3.148446054815043e-11,7.691439620810897e-11,1.2679498519046622e-11,5.686291754875758e-12,1.2232051180316532e-05,5
2.437527111055742e-11,8.66983613221567e-11,8.84338541747962e-12,4.977307319714994e-12,1.210869993262455e-05,5
2.2382988196433886e-11,5.6139663866010285e-11,1.1703471755762471e-11,4.299897639032575e-12,1.060771857760468e-05,5
2.943309605744518e-11,5.3036578025648396e-11,1.2387427841131122e-11,4.822915845813744e-12,1.0828163961641937e-05,5
2.582223620471091e-11,2.9512511690602235e-11,9.034383661648668e-12,3.934541632225871e-12,9.080783834765584e-06,5
3.55678494884811e-11,1.705965650256224e-11,6.429875419711491e-12,3.793955143657907e-12,8.665641001031004e-06,1
4.4570431345704476e-11,2.255609439758771e-11,3.2637536286179206e-12,4.901920157129323e-12,9.492081619197047e-06,1
6.259720455452886e-11,2.0145998864370058e-11,2.9264018029968503e-12,3.322096551428092e-12,1.0214951777565977e-05,1
2.1972965259148344e-10,4.089897328033628e-11,4.312414682241976e-12,4.64079059927189e-12,1.614550805780376e-05,1
1.847846856297845e-10,2.6090219402658796e-11,3.2098082084252847e-12,3.524926826762561e-12,1.636160818900034e-05,2
2.1649424562083212e-10,4.624202067972815e-11,3.186871364503244e-12,4.009427409256316e-12,1.771956809225926e-05,2
2.4398028737747595e-10,4.231650684334692e-11,3.939577626943255e-12,6.628868485525158e-12,1.8366323050484956e-05,2
2.1761719937996475e-10,4.110948882274287e-11,4.614956761555876e-12,7.2295362618761424e-12,1.7417905770395722e-05,2
1.8695532203800044e-10,2.83291131015078e-11,3.987240508783483e-12,7.29823258478728e-12,1.6652594301875587e-05,2
1.3100151253491817e-10,1.656080558182666e-11,3.33137532959984e-12,4.786790803503697e-12,1.4136191925532766e-05,2
2.943036356437482e-10,3.4335549306152085e-11,6.4190472864226944e-12,1.2694793162286075e-11,1.973833828330602e-05,2
2.471097189490213e-10,2.9455096143072106e-11,5.493252510172926e-12,4.815804482645985e-12,1.759192279990963e-05,2
1.9159928547486897e-10,3.129483348883663e-11,8.0688428302578e-12,1.754779891659985e-11,1.7878729262568587e-05,2
2.490741273785432e-10,3.6391458283321804e-11,5.634623791861965e-12,9.131990726103415e-12,1.885790244631763e-05,2
2.8000114856321046e-10,3.002299175120268e-11,7.773262562716389e-12,7.648856913823081e-12,1.957997948970995e-05,2
2.850116666591244e-10,3.114109003365257e-11,8.560968937011302e-12,9.68231290197721e-12,2.0458686507848066e-05,2
2.602496459236114e-10,2.8369809614915283e-11,5.840170089592066e-12,8.429653034111924e-12,1.8883108942668284e-05,2
3.79793674707934e-10,4.6653507957176786e-11,9.168498984754003e-12,1.0525859834584484e-11,2.3649210785024682e-05,3
2.786534000994927e-10,3.302827773846862e-11,6.947680065961592e-12,6.276842696047049e-12,1.9606452519493013e-05,2
3.6522384729820865e-10,4.596220747433832e-11,1.2612616069822291e-11,8.960819164170386e-12,2.3771255771714463e-05,3
5.408128480942185e-10,4.707163915762403e-11,7.808728106006867e-12,7.362920169801072e-12,2.6617957142368035e-05,3
3.964392518747348e-10,3.364097458005294e-11,8.383333458801069e-12,4.721702816636199e-12,2.361972217524385e-05,3
4.919646792596795e-10,4.445749265804987e-11,9.789631390578015e-12,6.7774133141333035e-12,2.637146286456323e-05,3
4.973227497575966e-10,4.7004176212894e-11,7.411681312333676e-12,8.480857390467102e-12,2.5743939354349128e-05,3
6.461002783944429e-10,3.9702211236526247e-11,7.683370842213764e-12,7.389903181970969e-12,2.95169758236125e-05,3
4.38689070434137e-10,3.1443507849706995e-11,7.832128875747827e-12,6.5045731344393815e-12,2.4959185254941612e-05,3
5.086600719919619e-10,4.2244022226471146e-11,9.033497032737108e-12,7.10701533744438e-12,2.631851598908908e-05,3
7.159731344659701e-10,4.538942287909398e-11,9.60422592225756e-12,7.900699702639755e-12,3.124830306430174e-05,3
6.614837111035177e-10,3.7129502016982123e-11,1.0080976639515677e-11,5.204411672356396e-12,3.0462940346196178e-05,3
6.167732639829876e-10,3.9070070358307624e-11,9.627467364583748e-12,4.450102575870218e-12,3.021289402869422e-05,3
6.406777270711277e-10,3.4381377740928753e-11,7.958821201468114e-12,6.2268986251912464e-12,2.9497211751497334e-05,3
6.643545622924475e-10,3.892148224602813e-11,8.12515940374159e-12,5.355122917357386e-12,3.0242995264338266e-05,3
6.07030702912054e-10,3.884744308278366e-11,7.757031291887195e-12,4.6358365896666056e-12,2.8452471220860442e-05,3
8.735922232263844e-10,4.1516407002005696e-11,1.0152942076487106e-11,5.670956280097518e-12,3.3899259733507924e-05,3
4.796187910268979e-10,3.2623765906320014e-11,7.490441040917813e-12,4.265477346588979e-12,2.7073520815945126e-05,3
8.384026768058158e-10,3.719266942860807e-11,6.959049586171745e-12,4.3764380665105735e-12,3.460364723173754e-05,3
7.098566299413361e-10,4.769407206381846e-11,5.872104680578978e-12,5.5378086812821115e-12,3.0108714197748844e-05,3
8.172217824734958e-10,4.807555407106852e-11,9.762476929524004e-12,5.179621762307687e-12,3.615929645744138e-05,3
9.457638096023839e-10,3.501483226824095e-11,1.0628180329466294e-11,6.117633732365118e-12,3.5982217728937875e-05,3
2.3612783589283866e-10,6.210025210611286e-11,1.1959731035332441e-11,2.287426957902894e-11,2.3883312080421708e-05,5
3.227170356616862e-10,3.2426218178018915e-11,4.451489996892876e-12,4.5938044422640666e-12,2.4056828499896026e-05,3
4.423424156449239e-10,3.884655257141656e-11,6.411494547559623e-12,6.4605934603767865e-12,2.4951346296131953e-05,3
2.6702634698900424e-10,2.504666605522261e-11,7.1569229079637995e-12,7.399171985251029e-12,2.0260815366929108e-05,2
2.814734191926806e-10,2.6559152068120034e-11,3.668748397498746e-12,5.209904998752056e-12,2.1261616115532557e-05,2
3.0729288070549913e-10,3.100221193026362e-11,6.137928350769032e-12,4.028049909628031e-12,2.3991835275873148e-05,3
4.111193712034993e-10,3.599676874477282e-11,8.526342387405765e-12,8.025639263124707e-12,2.4031800795724122e-05,3
4.994248558518587e-10,3.2600137878666516e-11,5.648290012242309e-12,4.238288358472216e-12,2.6751269075157275e-05,3
4.992067391118073e-10,3.0289592570184246e-11,6.3062932839261355e-12,6.705323728859671e-12,2.6967226034760466e-05,3
4.633545158129399e-10,3.5668281599658195e-11,6.3027625789636116e-12,4.631992713401008e-12,2.665072461747367e-05,3
5.422801608411553e-10,4.218384852856933e-11,7.612698592037019e-12,6.2215028754413434e-12,2.877449737942991e-05,3
6.487852279555357e-10,5.118754968481324e-11,1.2356021206588953e-11,6.630413929411837e-12,3.094468778610273e-05,3
5.301454404004156e-10,4.109553199075923e-11,5.5168797021929625e-12,4.599500740882593e-12,2.8365820046934167e-05,3
5.541474417057607e-10,4.527775040653896e-11,6.203251815779309e-12,5.305121798993394e-12,2.8847128989937302e-05,3
8.685903019042013e-10,3.822248922402344e-11,7.481487108193584e-12,5.5948361285390585e-12,3.4984153344277566e-05,3
2.8719488820195666e-10,4.5165112229782386e-11,8.114062353822591e-12,8.511424988391944e-12,2.252568610911406e-05,2
4.2258446874777197e-10,2.8689684894844286e-11,4.03156290708391e-12,3.8883257064611e-12,2.4898033159779103e-05,2
3.2803746361949684e-10,4.3248528318679224e-11,9.915755352490305e-12,8.593326575053876e-12,2.231466849282284e-05,2
3.224784017528915e-10,3.3013343901112046e-11,5.204665777980752e-12,8.542903065859218e-12,2.1735299444779727e-05,2
2.2620453072928614e-10,6.783910995310735e-11,7.353933237666575e-12,5.780213011625661e-12,2.0282929455532016e-05,2
2.417896932792222e-10,2.605037511470757e-11,3.795133991587163e-12,3.820144958529578e-12,1.9312316270558642e-05,2
1.5190546763847807e-10,2.920538269093109e-11,3.892526599214058e-12,6.973696454304464e-12,1.6311213241152157e-05,2
3.761874395085895e-10,3.9572108804625395e-11,5.0806445526858585e-12,9.892832032020994e-12,2.4277010801139647e-05,3
3.064497058956527e-10,3.924793972539234e-11,9.36323595552124e-12,1.2380817371368675e-11,2.151622674255744e-05,2
2.3147983753324608e-10,1.9639179578910078e-11,6.3557315255212555e-12,8.084304358668849e-12,1.879514700030792e-05,2
3.331051861673189e-10,3.2884276819378884e-11,7.649678148287553e-12,8.469119296748836e-12,2.314449116779225e-05,3
3.532411928262965e-10,3.040292815131794e-11,6.2528536832939555e-12,8.691033028298196e-12,2.2189046494226835e-05,3
3.82838043255459e-10,3.728687590400925e-11,1.074749509521705e-11,6.759062924818232e-12,2.4713773174641236e-05,3
2.6147199635098624e-10,3.575129437530904e-11,6.588571785519479e-12,3.94223866024818e-12,2.081483102343516e-05,3
1.1291718050682407e-10,3.4650174968492596e-11,8.507694045546274e-12,1.9102735255445047e-11,1.6185027878119994e-05,1
1.3198603228657973e-10,1.4198252555552131e-11,2.274350223330181e-12,4.600291876435685e-12,1.4257772595943148e-05,2
1.7954271334311146e-10,1.4203720034620155e-11,2.650173893869557e-12,3.6152576958085647e-12,1.5723759936078893e-05,2
3.271970407292748e-10,3.7136655379922584e-11,6.216646826943284e-12,9.381618915959634e-12,2.1159730052560473e-05,2
2.98149984105807e-10,2.393782311823754e-11,5.0799572115020705e-12,6.195831240207327e-12,1.9443120451350754e-05,2
2.660137748284484e-10,2.542801636114632e-11,5.391074685982687e-12,6.3406552199003865e-12,2.1293449119842097e-05,2
2.848141604284319e-10,1.8943168441581608e-11,5.261434469066921e-12,6.34025939493815e-12,1.978705122930695e-05,3
4.0444084956767133e-10,3.958498874127029e-11,1.589016384320497e-11,6.854138379616224e-12,2.4653938004173682e-05,3
2.631562609024494e-10,2.55505855854909e-11,4.9343560726466204e-12,7.979611924032319e-12,2.079859303405656e-05,2
3.805176879426314e-10,2.5022816223920588e-11,6.980520887849053e-12,1.0429833742019456e-11,2.419631246140295e-05,3
3.354445636181575e-10,4.2812123462346506e-11,8.014233682971794e-12,6.435178397686139e-12,2.3975540903182464e-05,2
5.558153017023394e-10,3.2214084006680165e-11,7.604660772109096e-12,5.5327062091212245e-12,2.9582750979130392e-05,3
4.100900298008257e-10,3.369329869902083e-11,5.17507379173689e-12,5.591135734405615e-12,2.485000489524838e-05,3
4.4718429303387947e-10,4.0872321096368835e-11,7.121296836770866e-12,6.586011700554455e-12,2.6427603464640115e-05,3
4.189486271540454e-10,3.913958265618378e-11,8.416375818097297e-12,5.763735340187286e-12,2.486490729108418e-05,3
5.310903215686916e-10,3.412467713556202e-11,7.716261238374237e-12,6.4681716369176556e-12,2.906423415827998e-05,3
6.195989350857357e-10,3.229179008547403e-11,8.078451551299737e-12,4.877634512475871e-12,2.9634582336615294e-05,3
7.440913518321363e-10,3.8976185042231434e-11,7.848032252233147e-12,4.103572622135032e-12,3.12085448546868e-05,3
8.802212487791486e-10,3.962568451673566e-11,7.553800499816485e-12,4.087402046463359e-12,3.591839470613263e-05,3
7.5727338890243e-10,4.7654403981269103e-11,8.564849921286915e-12,4.939989840609323e-12,3.207680212342279e-05,3
6.089790632416281e-10,4.809279911860942e-11,1.2016221844391955e-11,4.2208388643560166e-12,3.0458113283989305e-05,3
3.806782159949505e-10,2.3655641535186115e-11,3.9066130327566735e-12,3.5426050057089097e-12,2.5984684663070878e-05,2
2.929395206612658e-10,2.2408153487698435e-11,3.782251319683384e-12,3.893892652167193e-12,2.4170633923047536e-05,3
3.6288015400341565e-10,3.021561611147331e-11,6.635964382102951e-12,8.857980416431167e-12,2.4169014634408772e-05,3
4.420834317470415e-10,3.073322217820425e-11,5.261324596671615e-12,7.259844818442331e-12,2.5287870446598162e-05,3
3.4491816373549487e-10,3.0226207240470086e-11,8.174785333955456e-12,8.510327723590871e-12,2.3605048097871753e-05,3
4.870579424977826e-10,3.62638622770582e-11,8.094894392006695e-12,6.490320967430791e-12,2.8116387329194085e-05,3
6.238289567134152e-10,3.7927751871621775e-11,8.345905562331378e-12,7.0870897706966285e-12,2.901308982943262e-05,3
7.049220379203946e-10,3.9061065553101244e-11,8.10276708253645e-12,5.35528191130687e-12,3.5651955947838474e-05,3
7.160228670638368e-10,4.0531387615213e-11,8.279682879732274e-12,4.493264514886422e-12,3.23512119225718e-05,3
6.796086499222379e-10,4.3909151384573005e-11,8.112773094683206e-12,4.8765191540396026e-12,3.4540330329671593e-05,3
9.894217574004936e-10,3.384984456109191e-11,8.743458447606735e-12,3.908149503996684e-12,3.693904227603142e-05,3
6.696265533826334e-10,3.4254650507128414e-11,9.100691736516875e-12,3.974624045846861e-12,3.0936344869114484e-05,3
7.921710410834385e-10,4.223108203210057e-11,1.0438105352167764e-11,3.490738026744578e-12,3.341323355711558e-05,3
7.607146454134141e-10,3.770022125511911e-11,1.2970508313189979e-11,5.113290524371009e-12,3.3929875538951784e-05,3
1.032018998438333e-09,4.089390123750678e-11,9.266594053042403e-12,4.745191473590338e-12,3.806762694618326e-05,3
1.2201368276955168e-09,4.276765063696921e-11,9.95389629618402e-12,4.625559347455348e-12,4.18955076780282e-05,3
7.886198113784949e-10,3.0386244403238976e-11,7.195625367423396e-12,4.454179769710491e-12,3.501864630015994e-05,3
9.156212789381576e-10,3.678229837980842e-11,1.3177884239782258e-11,3.52839717523223e-12,3.682061846488046e-05,3
1.020648006659913e-09,3.150310061068373e-11,8.956704066493267e-12,5.425041441385889e-12,3.786445353808215e-05,3
1.2343865148721613e-09,3.5736058684955e-11,1.2258600901059032e-11,3.759466485583844e-12,4.123414114698809e-05,3
9.445185618167632e-10,3.666521273253311e-11,8.769548605303104e-12,4.220845774440173e-12,3.474646456779327e-05,3
1.0376239332352162e-09,3.9059701783898504e-11,1.0408428427356763e-11,4.42646656112953e-12,3.882355533449194e-05,3
9.392898075038484e-10,2.6077735217800465e-11,7.513903287273162e-12,2.712167794978719e-12,3.667014637153474e-05,3
1.1167404163946148e-09,3.487879280204703e-11,1.0386454414722412e-11,3.649006425661439e-12,4.310434751769205e-05,3
1.2359941053357342e-09,3.00892102694942e-11,8.205899058407723e-12,4.381353020343793e-12,3.907803115594375e-05,3
8.555696761375281e-10,3.2083353660822e-11,9.957182651568062e-12,3.429608087300633e-12,3.5978138992580764e-05,3
8.156893243736983e-10,3.7423896432551734e-11,1.2369140917805237e-11,3.3349964482465696e-12,3.585358861263834e-05,3
1.2365347572842209e-09,3.1626687185980535e-11,1.5579094041111306e-11,4.0707049408138306e-12,4.40304817808031e-05,3
1.069418635121781e-09,3.23088690027488e-11,1.0526773435229314e-11,3.5226787816591066e-12,3.9898454205002626e-05,3
1.0064374293248341e-09,3.5420336823042285e-11,1.3340934951272216e-11,3.9910842953605e-12,3.938812206331224e-05,3
8.761840840418844e-10,4.451546642928226e-11,1.243691698928227e-11,3.746127436717625e-12,3.745485217598739e-05,3
7.721525536276212e-10,3.249310828261555e-11,1.141751536884943e-11,3.223240610396969e-12,3.595294235141899e-05,3
1.0827979537793804e-09,3.2121251652482245e-11,9.471746901368608e-12,2.923280440136294e-12,3.806810994704129e-05,3
1.0266774585782325e-09,3.1432454616119304e-11,9.766296596635915e-12,3.372932968007428e-12,3.955272485007892e-05,3
1.2086266249291676e-09,3.4373250971417384e-11,1.1833554999194594e-11,2.6692285818333466e-12,4.309421923353319e-05,3
1.250272406785605e-09,3.8628503542988957e-11,9.244370715970371e-12,3.020166542162592e-12,4.410013176681974e-05,3
1.3361239971515611e-09,3.618759054733103e-11,9.599661764119664e-12,3.2050093281047597e-12,4.2915414353888235e-05,3
1.5003254033157712e-09,4.344511780471496e-11,1.2606072384543846e-11,3.2721619974557508e-12,4.369697591240769e-05,3
1.2433047990727917e-09,3.130771368899683e-11,6.571182897611842e-12,2.271000637319515e-12,4.4286412229859544e-05,3
1.1552268917563695e-09,2.562144215849203e-11,7.371084739034657e-12,3.677722825714797e-12,3.906598824498383e-05,3
8.676430455289812e-10,2.9179694720424696e-11,6.892141622027085e-12,3.336682130016844e-12,3.5021872977565184e-05,3
1.3510528977208133e-09,3.0716811655896994e-11,6.5717755962975295e-12,3.3959687346611555e-12,4.585329964833392e-05,3
1.096601594809455e-09,4.0459020052738074e-11,8.769708811004606e-12,2.7679370698929323e-12,3.797821087732651e-05,3
1.2886185229650869e-09,4.247550582399017e-11,8.82293835593511e-12,3.943964213696437e-12,4.2750557490767663e-05,3
9.138242617954606e-10,3.21464208150502e-11,9.147107756080209e-12,2.694275393761164e-12,3.647449056196381e-05,3
1.142048170630902e-09,3.824617779997517e-11,8.55232094901454e-12,4.3920899928125155e-12,3.8570814776748754e-05,3
1.1264622254880863e-09,4.315565715011815e-11,9.776548985197797e-12,3.1031342666409675e-12,3.983697670865297e-05,3
9.113174432017588e-10,3.289278594992544e-11,7.488703040915661e-12,2.822003597162756e-12,3.617041180958002e-05,3
1.031147593546084e-09,3.7864638376110566e-11,1.3809569148335543e-11,4.431416797524373e-12,3.928270808972291e-05,3
9.10568728144484e-10,3.3669862603137984e-11,9.225458101904291e-12,3.2649361447996086e-12,3.779351783483339e-05,3
9.97358566167131e-10,3.654397455028039e-11,1.2114118153422117e-11,3.761777407001927e-12,3.978045673382409e-05,3
1.1029424222886745e-09,3.3738701324318355e-11,8.110444881691364e-12,3.3416075585939806e-12,4.167505894522493e-05,3
1.134899580238222e-09,4.030185781839728e-11,9.04227315750876e-12,4.263292650750113e-12,4.0823845911470806e-05,3
1.016452902718687e-09,2.4220402346673305e-11,9.619523421130957e-12,2.4313765190309978e-12,3.5204369295735136e-05,3
1.2963576086713084e-09,4.2879515628645875e-11,7.974115256054439e-12,2.387790643689127e-12,4.3983974903205014e-05,3
1.1226900328064175e-09,2.939498851863166e-11,7.793163079006418e-12,3.0338551162008187e-12,3.735028630163798e-05,3
1.0533253727157332e-09,3.4910969250020015e-11,7.0200517181138825e-12,3.0921811254182e-12,4.076331822975803e-05,3
1.2209436245616758e-09,3.4216484844366064e-11,6.1286743093948416e-12,2.8231333222623014e-12,4.2222265634469766e-05,3
1.2726943524112497e-09,3.4376699053669975e-11,6.24628853336735e-12,2.6937435985324595e-12,4.104179001268512e-05,3
1.175301896938365e-09,3.077786516189335e-11,6.5868567377559456e-12,2.3787192432136424e-12,4.099163379334774e-05,3
1.0859291835251773e-09,3.088229458495488e-11,8.091993075919598e-12,4.269936785937676e-12,4.033416825809868e-05,3
9.97515476574315e-10,3.050487554356316e-11,9.821393211768028e-12,3.128245186276838e-12,4.0636014134885606e-05,3
7.872858147409074e-10,3.3874473752921474e-11,1.1331739908162412e-11,2.0585691699991505e-12,3.442023073287741e-05,3
1.0156408111399913e-09,2.6992316842663457e-11,7.440502960775028e-12,3.204760702747356e-12,3.737847264076663e-05,3
9.443476477200649e-10,3.0833404430741637e-11,9.593239150147164e-12,3.5725434186300263e-12,4.0833407412792325e-05,3
1.379352466710246e-09,3.2483371022052804e-11,9.058462453067632e-12,4.022856663342053e-12,4.4778306545547705e-05,3
1.043039171931453e-09,2.974050003099051e-11,8.126028923179911e-12,3.329128533922509e-12,3.838555214729634e-05,3
1.00126753930514e-09,2.9640189991602676e-11,5.464260271433714e-12,2.5451894550074373e-12,3.9313607663652084e-05,3
9.910100284811285e-10,3.1686460434065354e-11,6.385553259510771e-12,2.9245056030703873e-12,3.985639218721285e-05,3
8.611410607546922e-10,4.0406295030276354e-11,1.188363622055283e-11,1.1629128984084157e-11,3.726614530421657e-05,3
2.5832440567370735e-10,5.038910527426591e-11,7.650033712585051e-12,1.2478760364559447e-11,2.1232043294493454e-05,1
3.598433128230195e-10,3.5931318113678505e-11,3.0766101318667286e-12,3.3643944446034354e-12,2.56595924844228e-05,3
3.2764848475375446e-10,3.014782895988182e-11,4.128840391365517e-12,3.1394585146286948e-12,2.4374579673730926e-05,3
4.091958512827571e-10,5.465474086530285e-11,3.4634391386137962e-12,3.008192225750079e-12,2.602716699470622e-05,3
3.2331533118707486e-10,5.2685221219303405e-11,4.177697751693902e-12,3.8780994511221815e-12,2.208560590981536e-05,3
2.839142229708557e-10,4.696198775586418e-11,3.8469941537683626e-12,3.3783672220251163e-12,2.234725807381814e-05,3
2.7275992959124187e-10,4.924075242387632e-11,3.191778578643544e-12,3.1118595438383992e-12,2.1149851992027222e-05,3
3.196372018658309e-10,2.882764796052826e-11,3.6711125284163e-12,3.372847388428446e-12,2.3093873737385497e-05,3
1.611683886265784e-10,1.923824694981179e-11,3.748060032688674e-12,3.842277668746111e-12,1.7251703250475944e-05,2
2.600310497851736e-10,2.905708974090532e-11,4.594001032086902e-12,5.5106433803747825e-12,2.02740525407917e-05,2
4.139559725281836e-10,3.4422352069691456e-11,4.293776957594734e-12,5.856080865034041e-12,2.4418663914570126e-05,3
3.540340192596035e-10,6.888521098461505e-11,5.485330349737677e-12,8.283653969236889e-12,2.505626834266388e-05,3
4.969206054036104e-10,7.850361467249843e-11,5.834270499957077e-12,5.51995253634893e-12,3.142910525778283e-05,3
2.2233900762624966e-10,6.331039981612882e-11,4.768400845064813e-12,3.436454924984713e-12,2.0819760875092968e-05,2
1.736976116487524e-10,4.929555247930687e-11,4.01092810192536e-12,4.492025060405309e-12,1.7841221170020165e-05,2
2.0121560411082424e-10,6.127576723281774e-11,4.098084528656768e-12,5.648035410253311e-12,1.9109111619708935e-05,2
1.2526256659431067e-10,7.947305687327951e-11,6.014268108626467e-12,1.1136804151030457e-11,1.795523988030063e-05,2
1.3756301230475536e-10,2.3627999162987605e-11,2.7072518543475156e-12,3.520701316843102e-12,1.5613517143191908e-05,2
2.1811071790850374e-10,8.695774625813136e-11,5.72756826833004e-12,6.483103733011601e-12,2.1668919570531422e-05,3
7.231764833951413e-11,4.864668562621455e-11,3.248438909800791e-12,2.5435014362513852e-12,1.4548282774776212e-05,4
7.06639204630208e-11,5.425294932298395e-11,3.754660431131967e-12,3.0435807916327134e-12,1.4068947288528611e-05,4
9.02117897045945e-11,5.504939521394506e-11,4.882143671099355e-12,3.035949678544211e-12,1.4647218982081661e-05,4
4.990129147302057e-11,2.6732605556610903e-11,4.5598956430720775e-12,2.828629426152539e-12,1.1188000113188137e-05,4
5.402466035918731e-11,3.032238481993865e-11,3.430081824888087e-12,2.747815392941549e-12,1.0573678059859271e-05,4
5.115314290370903e-11,1.999319462142795e-11,4.800946534180588e-12,2.592225896578439e-12,9.940510344081261e-06,4
9.554615561500709e-11,7.613225846386942e-11,4.742958406299371e-12,3.5594883947363195e-12,1.4916379967953518e-05,4
3.97775530663977e-11,2.648576491581243e-11,4.773086990342081e-12,2.9366905853688193e-12,1.0342676248562206e-05,4
5.473637234593886e-11,2.4730546171901777e-11,4.7699285100551445e-12,3.270694868516997e-12,1.1165497447526753e-05,4
4.63882417184876e-11,1.591194246962649e-11,4.0951412749974585e-12,3.3580046148608743e-12,9.432187527410923e-06,4
5.6167184392173684e-11,1.335778664428742e-11,4.534660497272159e-12,2.4585180441113053e-12,1.1703549566642026e-05,4
3.7609364092846146e-11,2.213395224668793e-11,4.047601090553845e-12,2.9562271888462027e-12,9.290272617437459e-06,4
4.1988124496896084e-11,3.165962961232419e-11,3.728361964562895e-12,3.0022725935875963e-12,1.0222115377878245e-05,4
4.580015108750098e-11,1.7326383670847195e-11,3.892012880912535e-12,2.6493396274831856e-12,1.1079165920491424e-05,4
3.222655938391805e-11,1.3308033164448552e-11,4.244808661357931e-12,2.519764103529559e-12,8.552764541884307e-06,4
3.596562568570479e-11,1.3356637025034224e-11,3.439314558662612e-12,2.9523344814728644e-12,9.241572960951201e-06,4
3.0751237280193675e-11,1.516421162103505e-11,4.2404754066345026e-12,2.5290648239181484e-12,8.544213661708321e-06,4
3.537660628151105e-11,1.2181751005957894e-11,4.489175879658563e-12,2.3756721903491563e-12,8.673370364518605e-06,4
3.96083531278204e-11,1.1731135970026402e-11,4.724612618480212e-12,1.9762327658371276e-12,9.116494613051363e-06,4
2.592638590372871e-11,1.3031769567980168e-11,2.6496972219551432e-12,2.2248405330992715e-12,7.632512488177012e-06,4
3.029616740453744e-11,1.0116695204359945e-11,2.669152144130287e-12,2.5055144565764563e-12,8.015327275669486e-06,4
8.5489250614478e-11,2.213022164948756e-11,2.7874206085059792e-12,3.0091793945913244e-12,1.2215102524935416e-05,4
4.6189129452263545e-11,1.8460661267121765e-11,3.881258588508466e-12,4.073679149563086e-12,1.0687532838068467e-05,4
4.1898203106441396e-11,1.4998291014937507e-11,4.149177422486502e-12,2.8677333333469413e-12,9.545515425709736e-06,4
4.9730500610987916e-11,2.0807506984437216e-11,5.842796128591975e-12,2.8099083881737685e-12,1.0362899984195289e-05,4
2.8859111086354623e-11,1.610564189779909e-11,2.990711232117316e-12,3.672763796578231e-12,8.125701253608524e-06,4
6.43432789429508e-11,1.9510123029699172e-11,4.895734712228934e-12,3.2889931360656356e-12,1.0804016834055336e-05,4
6.367776500627379e-11,2.8205512630202277e-11,3.947731296816556e-12,2.768652000110956e-12,1.1550653092963942e-05,4
3.173853160881564e-11,1.2318296844187203e-11,2.5183014975644854e-12,2.516648963490742e-12,8.288188264681967e-06,4
4.972983313439491e-11,5.329567139237212e-11,5.316114692410158e-12,1.6321520203733464e-11,1.2610749514814589e-05,1
1.1029037501839999e-10,2.8331949266027503e-11,4.094520653874151e-12,7.023257499545614e-12,1.837642088153305e-05,1
5.497727946202265e-11,2.3894168650237235e-11,6.112379615174712e-12,5.926645112469686e-12,1.4752053805796392e-05,1
5.2440676262799634e-11,1.2183848578164604e-11,2.2830527849453497e-12,2.6899124958797835e-12,9.508235364346608e-06,1
5.844150958474322e-11,1.0284743044875372e-11,2.523224260506352e-12,2.7733784516965995e-12,1.0644901843566227e-05,1
6.058649867394935e-11,7.747913363004344e-12,2.6155395086885687e-12,3.6310430247123645e-12,1.024133600409937e-05,1
1.7187929866552344e-10,3.253531653289842e-11,5.533728199523877e-12,4.9933616145138085e-12,1.6263013226710732e-05,2
5.258468910657708e-11,7.647454418440072e-12,2.4886088225309006e-12,3.3764572269161222e-12,1.0179466513517024e-05,2
8.510454736449764e-11,8.778695235673793e-12,4.0459732688541355e-12,7.90165386327701e-12,1.1518837364603628e-05,2
7.60673347259997e-11,1.0246118892052341e-11,3.82676992410016e-12,7.017646593672949e-12,1.0895096481495195e-05,2
1.1676955594687234e-10,1.168013788709152e-11,4.021147666905525e-12,4.324011293409346e-12,1.3144587381146902e-05,2
7.947976580739611e-11,1.404087614705961e-11,3.813129516869571e-12,4.420456822046269e-12,1.1365635729078906e-05,2
8.921997723453536e-11,1.2564483652969876e-11,4.962595773502055e-12,6.442703497280062e-12,1.1991943016643427e-05,2
1.9711418284364575e-10,2.2018472471895126e-11,5.399875049555207e-12,5.6824844730748094e-12,1.6868501957546843e-05,2
3.276240356323226e-10,2.5320643818524047e-11,5.329848468271876e-12,4.288130971009507e-12,2.339881979677093e-05,3
9.907141806581683e-11,4.0415244249363026e-11,4.82566055791013e-12,5.984007303277874e-12,1.4686034400946255e-05,1
4.599774808873637e-11,3.143193084813409e-11,3.565774820512529e-12,3.7044033482991565e-12,1.0521024011729706e-05,1
4.7154430606090193e-11,3.2215753814778995e-11,5.633786442589365e-12,3.8966211140950165e-12,1.131146302045882e-05,1
4.5865811722149145e-11,2.0135818099460278e-11,2.4472262143039376e-12,4.1756996102159094e-12,1.0023452488009119e-05,1
1.3785256292516213e-10,1.543113189714023e-11,2.273584099970005e-12,3.111752074356958e-12,1.635945548617657e-05,2
1.3298895732435583e-10,2.808062841670019e-11,5.3355123800078624e-12,4.4858971395110886e-12,1.4932533538511735e-05,2
4.507981483803092e-11,2.4850522581527197e-11,3.43629856718732e-12,3.5392529748246995e-12,9.858336406863066e-06,2
2.710171292596354e-11,1.9827197005958064e-11,4.162985318042977e-12,3.2032233227872584e-12,8.390102129236204e-06,1
7.026816835784248e-11,1.4823271870013448e-11,3.575093480002237e-12,3.0399821320293636e-12,1.1073095434742473e-05,2
1.4368721380479587e-10,1.2993348902278226e-11,2.3542159909200293e-12,3.1613006063589e-12,1.3481510859381495e-05,2
1.7694389887413878e-10,1.8114709003718568e-11,5.321544605771183e-12,6.91621052779591e-12,1.633734805998973e-05,2
1.4303572963529246e-10,1.7343847540636672e-11,3.462879198899437e-12,5.996202400410938e-12,1.368658508144941e-05,2
1.118676226584043e-10,9.589157944491156e-12,4.4441085695431256e-12,1.1965879382058837e-11,1.370867653255741e-05,2
8.468898378587289e-11,9.76917692687553e-12,3.5647633479475647e-12,6.567652769327099e-12,1.2256342129624963e-05,2
1.6430791456601027e-10,1.4839562659124176e-11,5.150396467021683e-12,6.978319200185605e-12,1.642922573516537e-05,2
1.351495252039476e-10,1.2055271846953994e-11,3.7394194940345705e-12,5.084233986800816e-12,1.382441397806214e-05,2
1.9843832980780587e-10,1.4960680164880083e-11,4.1968844538720255e-12,5.364243270883688e-12,1.591933257521434e-05,2
1.0902468811226228e-10,1.7317628318987933e-11,6.282997741095621e-12,6.375290951322054e-12,1.3242179245231928e-05,2
1.5955971856003213e-10,1.919476027956442e-11,5.6045136612186435e-12,7.242913741334572e-12,1.613088607938584e-05,2
9.209149439035279e-11,1.551829023837793e-11,5.857639804586978e-12,7.256012130574671e-12,1.2116242435618956e-05,2
1.5913203067305163e-10,2.3328867248787572e-11,4.756355304828952e-12,5.423935014392493e-12,1.6107895319933907e-05,2
1.4515154334779065e-10,1.7295712856314063e-11,5.104929780776376e-12,6.472859305166568e-12,1.53910327601814e-05,2
1.3744989350619776e-10,2.0296459989771743e-11,3.6193365276926763e-12,4.891868472800023e-12,1.6349228662785032e-05,2
1.2648805285246446e-10,1.5553373020853817e-11,5.500158969743216e-12,3.704404487567756e-12,1.5162696612563194e-05,2
1.8052363849947045e-10,3.1510822112717736e-11,5.579774773270936e-12,3.6478954828544895e-12,1.7982367951105736e-05,2
2.0004589375601767e-10,2.1909533117670116e-11,5.125766269564736e-12,8.29781333379448e-12,1.7732420525537243e-05,2
2.5966254938909175e-10,3.450786228841009e-11,5.871396989961952e-12,5.745269534040389e-12,2.0489725682792313e-05,2
2.2817235960536626e-10,2.6575826331651987e-11,5.6203768473251145e-12,8.966228838736624e-12,1.8708871862426667e-05,2
2.0458181820998524e-10,2.3879301494355875e-11,5.9687420687671956e-12,7.649997276283329e-12,1.8925617461847307e-05,2
3.7195311859716603e-10,3.2996335383723057e-11,6.0257440056574966e-12,9.568596703654128e-12,2.3326162243887453e-05,2
2.0022820200489833e-10,2.2720086757721007e-11,4.048345791186616e-12,4.9122826813671574e-12,1.8235906052175734e-05,2
2.2885072844291463e-10,3.2825306018007466e-11,6.1732633708970345e-12,7.623602288608143e-12,2.00186045693853e-05,2
1.7088444624034832e-10,1.6493104028307385e-11,4.956892455935585e-12,4.537244955471162e-12,1.679681339590489e-05,2
2.200445077399146e-10,2.3423589734019634e-11,5.1421711623307935e-12,5.074097487144154e-12,1.9289331224660073e-05,2
2.456654272924743e-10,2.4974236132822612e-11,8.607487820734853e-12,4.811338705985985e-12,1.926583558519239e-05,2
2.4596275448245777e-10,2.0909525962436584e-11,6.414793370468616e-12,7.06062071471476e-12,2.123407748769981e-05,2
3.217798947306691e-10,2.6564431610517177e-11,7.814577287630699e-12,6.924225640269291e-12,2.4489981957287952e-05,2
2.629176904790282e-10,3.6665635078347e-11,6.1536078000275066e-12,3.318848947945303e-12,2.137601078702193e-05,2
2.430165591148162e-10,2.4611800062657243e-11,6.1211570015208326e-12,4.763504438213728e-12,2.0827026735695074e-05,2
3.3102020275289246e-10,3.2500582821830664e-11,5.807770487428722e-12,4.089957565626781e-12,2.4033243017137038e-05,3
2.7593585462066027e-10,2.4222515759738722e-11,7.28202816442039e-12,3.6669912259412865e-12,2.0820542261784314e-05,2
3.044860154090472e-10,3.157794400317332e-11,5.97448839226932e-12,4.597017161323771e-12,2.617860320132723e-05,3
5.584181570481873e-10,3.102896108960995e-11,6.366640709341547e-12,3.181670570182294e-12,3.0390289470622062e-05,3
4.169011610446382e-10,2.425413471260388e-11,5.871113160868351e-12,3.648287133218012e-12,2.8990959618634594e-05,3
5.214524510866815e-10,3.852606119219005e-11,7.408714369918686e-12,6.972824226271887e-12,2.8811341665694715e-05,3
5.697727348954209e-10,2.757641373633488e-11,5.8378856385474326e-12,3.4311612113709453e-12,2.9756090903630744e-05,3
3.885373963038717e-10,2.403753116233976e-11,6.908087778151152e-12,4.371265879494423e-12,2.798785683092868e-05,3
7.542862106038478e-10,5.1570417942021307e-11,1.0671587805100174e-11,3.768633658194171e-12,3.5117728264713626e-05,3
4.941894292307731e-10,4.23694591116795e-11,7.18712887127959e-12,1.255828917920692e-11,3.094870329983618e-05,3
1.9289357487412797e-10,1.932619856523075e-11,3.9426608477882816e-12,6.584513506512531e-12,1.7804242872131824e-05,2
1.398314829194943e-10,2.5917417677339696e-11,3.865444460669716e-12,5.8770002854130975e-12,1.7856105978419894e-05,2
2.425019053734616e-10,2.2680935260080066e-11,5.36023078847034e-12,5.253751889798185e-12,2.0781456744075212e-05,2
3.076150284145474e-10,2.7169756754576828e-11,5.49244896926267e-12,7.12121923692912e-12,2.4398144966592725e-05,2
2.2380163972710894e-10,2.7626548424802103e-11,4.633272523737925e-12,3.950850532409892e-12,1.9648159765605377e-05,2
3.4987572242431314e-10,3.787257229644068e-11,6.82234525433721e-12,4.166841289052842e-12,2.477057160040521e-05,3
3.220405316189574e-10,2.585987970110315e-11,5.124141283139317e-12,4.897273740417024e-12,2.489192409369651e-05,3
4.4019329035199454e-10,3.6575267062371505e-11,6.761627972619645e-12,4.391631925976907e-12,2.848991922009109e-05,3
6.049392149457448e-10,3.374440718493987e-11,6.876056353023714e-12,4.244163230056466e-12,3.3048594181598224e-05,3
6.456186512093158e-10,3.617438931150039e-11,7.163225716043087e-12,3.0919508695986755e-12,3.42196370832687e-05,3
5.457626470547742e-10,2.974629743800265e-11,5.3622241154644914e-12,6.927169879216396e-12,2.9331611109044215e-05,3
4.901920571090167e-10,2.457687961022629e-11,5.009846657901707e-12,4.97769730268713e-12,2.6889244780208692e-05,3
6.164354261132617e-10,3.1159362131727936e-11,6.1718364258165145e-12,7.053472575922982e-12,3.248235672702259e-05,3
6.007265387315257e-10,3.290620300719248e-11,5.78885699903101e-12,3.5014747182022777e-12,2.933360982267753e-05,3
5.695250919696245e-10,2.436414164885903e-11,5.6323117108085114e-12,2.8761308750806387e-12,3.101287399937981e-05,3
5.586926481594715e-10,3.7344575308761715e-11,5.84345206332912e-12,3.2657188378959526e-12,3.000720693956249e-05,3
6.275975300990597e-10,2.713820604802797e-11,4.857889184404396e-12,3.803911371650943e-12,3.195947213708704e-05,3
5.579905624270069e-10,2.64579975989653e-11,4.755630305746568e-12,3.705734490958911e-12,3.1742457085162094e-05,3
5.43935889702577e-10,2.4071433532206734e-11,5.879825673156798e-12,3.5218811928992003e-12,3.0408178094183804e-05,3
6.830317481567465e-10,3.8803115626284336e-11,5.653408608374414e-12,4.178433871059689e-12,3.493774977806535e-05,3
8.886933896606156e-10,2.8432906906710668e-11,4.60222502827148e-12,3.029270171243927e-12,3.983555248306064e-05,3
6.847151485734688e-10,2.1423264784841223e-11,3.623545928414972e-12,4.050360227150504e-12,3.7816095986093326e-05,3
7.492909558853639e-10,3.448936558017014e-11,6.747343371527196e-12,2.6609343431011624e-12,3.529624991455965e-05,3
5.599136073623298e-10,2.3494780506340635e-11,3.762088649623915e-12,6.257931685627939e-12,2.9226863984519976e-05,3
7.068955888093437e-10,3.622152532751773e-11,6.1924165059480465e-12,4.8853672156249674e-12,3.340093360955558e-05,3
5.476855980112471e-10,2.6457701000142433e-11,5.325920734362553e-12,4.378861704818026e-12,3.01699639628825e-05,3
6.545905920630003e-10,2.965948588657132e-11,5.332449861057449e-12,4.29233305436058e-12,3.561625133837014e-05,3
5.569780515805727e-10,2.4948200969923717e-11,4.732109109293726e-12,2.9271736530844107e-12,2.8709193351827807e-05,3
8.44975013592252e-10,2.1654579904231767e-11,6.929385668748829e-12,4.20449279338389e-12,3.495303940586324e-05,3
7.815686244169754e-10,2.8847588329363186e-11,4.719092108529798e-12,3.2493374957070014e-12,4.071661245354184e-05,3
6.573943149619526e-10,2.1216331850586e-11,4.562773944930997e-12,4.6273153664545294e-12,3.585077129313609e-05,3
6.026746591969881e-10,2.197247808556466e-11,5.915878726456694e-12,3.950517704203483e-12,3.107594342235093e-05,3
7.614288254676878e-10,2.609073037130686e-11,5.40015116142684e-12,2.5544916091686384e-12,3.819426855005621e-05,3
9.619591709689216e-10,2.980412783787941e-11,6.495258166851884e-12,5.4638053827214524e-12,3.69896822524403e-05,3
9.7412520546324e-10,2.7156469993212515e-11,5.124414237511554e-12,4.459330985375893e-12,3.998515447788067e-05,3
1.0772846817287016e-09,2.6793079732187995e-11,5.3958446117791884e-12,3.3509686634907857e-12,4.259465691482444e-05,3
8.461376933903852e-10,3.5791703632556195e-11,8.296373879101722e-12,1.1303413460847015e-11,3.768947464089106e-05,3
1.9571159100938864e-10,2.980281401166046e-11,4.805401230549771e-12,4.713982592162401e-12,1.8644925696724454e-05,1
2.724341034559466e-10,1.6860380232289412e-11,2.689946351867351e-12,2.6660155855435093e-12,2.260074066835207e-05,2
1.879871387113273e-10,1.1802047469431689e-11,3.687235194410298e-12,3.1068929683473462e-12,1.903052602329821e-05,2
1.9829182103428333e-10,2.071177593519705e-11,4.734842369331532e-12,1.3676299220499223e-11,2.2930554250620052e-05,1
2.0310355442139682e-10,1.282825674854501e-11,2.5547442719717404e-12,2.8102075445922936e-12,1.920990326753054e-05,2
2.600105793557939e-10,2.854598274513184e-11,3.870723309605603e-12,4.782118425324942e-12,1.9238902389054303e-05,2
1.9593113196989747e-10,3.8681167306130185e-11,3.5187009158861128e-12,3.200032641201128e-12,2.2199333275140845e-05,2
7.460571482008026e-11,1.2971738051971383e-11,2.7557450572503086e-12,4.252027961738193e-12,1.3217137714505848e-05,2
2.2088494068854194e-10,2.6391674130996554e-11,6.745268470943231e-12,7.051410895842856e-12,1.847061248926608e-05,2
1.6009519057220986e-10,1.5675715426711287e-11,3.494386806290996e-12,4.093061922194418e-12,1.553775516727018e-05,2
3.7284155923369517e-10,3.243789390797261e-11,5.840740102529604e-12,5.9132364233810705e-12,2.4081644163146013e-05,2
1.692105694587723e-10,2.9897281550573124e-11,3.9414234943767115e-12,3.3381790057032464e-12,1.698094957478595e-05,1
1.857352066204012e-10,2.1532468798309468e-11,4.696822375750904e-12,6.225618325588119e-12,2.17133243366084e-05,2
1.4548721362385868e-10,1.1787142364487332e-11,3.2915916167976296e-12,2.9225593022727648e-12,1.729940072725478e-05,2
1.335025053846421e-10,2.7293183627846828e-11,4.7165150428466775e-12,3.743794251097178e-12,1.775496613043259e-05,1
1.8937263854535754e-10,1.3492876723888918e-11,4.078426802696804e-12,8.776195192882722e-12,1.6616914165997355e-05,2
3.244995386291929e-10,3.1463631019414966e-11,5.359047903587642e-12,1.1785720490820161e-11,2.324478917234961e-05,2
1.288422734798147e-10,2.7438416829973405e-11,3.6955202948460724e-12,5.192241024711132e-12,1.4885933431022816e-05,2
1.2232493667417265e-10,4.288259151921832e-11,2.822360371127058e-12,3.737881577070883e-12,1.724462385961841e-05,2
1.8777869481822706e-10,2.8034271250252333e-11,2.7311503925753552e-12,2.8164645328568738e-12,1.7403960307375922e-05,2
1.3152164416945055e-10,3.138743891850696e-11,3.951211422088103e-12,4.567934158989628e-12,1.5321910843273602e-05,2
4.227277708000973e-11,2.8828914021626642e-11,2.589223002879775e-12,2.5899628926106317e-12,1.1506006753159783e-05,4
6.500941593873895e-11,2.926019391452423e-11,3.015408401186028e-12,2.3017330715474886e-12,1.1860080297452083e-05,4
3.551364747278447e-11,1.1585353958908892e-11,4.1780479304460234e-12,2.316288596412742e-12,9.196225849066523e-06,4
2.8102569222515603e-11,1.8204461529172188e-11,2.9413895336032062e-12,2.8164522349294226e-12,8.644642290237232e-06,4
5.404037204718269e-11,2.1393343863116758e-11,3.1868360503791217e-12,2.582105774143704e-12,1.0413963927150732e-05,4
3.225024946307329e-11,1.7273512021607822e-11,4.34494303115092e-12,2.4266576109477264e-12,8.580703826049651e-06,4
2.8197839828512648e-11,1.2544030044646818e-11,4.093749695635453e-12,2.454941549148063e-12,8.278194835392817e-06,4
3.511767860524747e-11,1.5090918718946175e-11,3.4112534972784147e-12,3.0300532945404305e-12,8.646814676335295e-06,4
3.807502771652536e-11,1.5574238696832876e-11,4.851732862967663e-12,2.466126396281831e-12,9.139648319576594e-06,4
5.400927829444949e-11,1.0651490667227564e-11,3.624440466731786e-12,2.0467439138466388e-12,1.2445278543232528e-05,4
3.469754359885374e-11,1.2572680835256827e-11,3.7690225264649416e-12,3.1274214164438724e-12,9.160919089168135e-06,4
3.6030482839967104e-11,1.3045815253268264e-11,4.136169872202201e-12,2.4704588499004093e-12,8.733995382367905e-06,4
3.906436700974623e-11,1.1917789553402337e-11,3.951320681395398e-12,2.6795354857647608e-12,9.279010806349524e-06,4
2.6823882819590102e-11,1.16366971940557e-11,4.39232663969182e-12,2.692570395406558e-12,8.065623601930422e-06,4
3.7806230595430957e-11,1.0025422945090036e-11,4.7082916634081244e-12,2.203040575972154e-12,1.041817707140879e-05,4
3.918016884728735e-11,8.949032653163928e-12,3.536431120634802e-12,2.619986088175857e-12,8.926835602304275e-06,4
3.628452089353184e-11,6.321788373425896e-12,2.8967132048122524e-12,2.271827960526012e-12,9.31443309182789e-06,4
3.2027614710964164e-11,1.7789870412990423e-11,4.433979686146059e-12,3.116755453940344e-12,9.50491316720535e-06,4
3.290853512518418e-11,1.3925973603845683e-11,3.016763133399966e-12,2.611055335420422e-12,8.058281468954616e-06,4
3.20577769793772e-11,1.1995229645717731e-11,4.119344382814241e-12,2.6355191467199784e-12,8.274709649152593e-06,4
3.1210349064373395e-11,1.212171774074845e-11,3.561084314244389e-12,2.1401161925021593e-12,7.680753664413722e-06,4
3.32925143187309e-11,1.1542993285206258e-11,3.639439632702198e-12,2.244436766422178e-12,8.659904945911404e-06,4
4.233225097418012e-11,1.1988042193667001e-11,2.5798626565666038e-12,2.54199288800243e-12,8.803213310943626e-06,4
4.299346170464441e-11,1.0048209046015972e-11,4.274616837083042e-12,2.6950978624859392e-12,9.927243615964653e-06,4
3.235880753380917e-11,8.992594996413757e-12,1.9839898017493903e-12,2.3491476080240673e-12,8.476187898180583e-06,4
3.62939673700278e-11,9.947663743601067e-12,2.128599728075469e-12,2.685010035243363e-12,9.269941360102779e-06,4
2.4576341913936277e-11,9.555196038138945e-12,3.4723682856597666e-12,2.370629638670986e-12,7.622046740844129e-06,4
2.4815068974794658e-11,2.7722716371283436e-11,4.675307383111667e-12,4.486652891239474e-12,8.717892950426844e-06,4
7.985775765174518e-11,2.5721295950911045e-11,4.541755122954432e-12,3.081538170573764e-12,1.1795807673465052e-05,4
2.655718116139558e-10,1.5872612715122896e-11,5.761093196409172e-12,1.3726540715534663e-11,2.9980055612669974e-05,2
3.691729982762253e-11,1.702155434346227e-11,8.150870092198831e-12,5.389900339223744e-12,1.5076974817032242e-05,1
4.6919851679360506e-11,1.1419458921462431e-11,2.897738209302697e-12,3.4921816162470396e-12,9.149434079216941e-06,1
4.9153335311446334e-11,9.46965989966588e-12,7.1092437490203676e-12,1.3841946724972932e-11,1.5306432462911455e-05,5
2.3596812368326747e-11,2.0269980183454807e-11,6.830052593596681e-12,3.461357946917603e-12,8.417262448796701e-06,1
2.0119244825540996e-11,1.9871142894243484e-11,6.891735118739462e-12,2.820308428349724e-12,8.266927043967245e-06,1
2.590751080039069e-11,1.1304996350516532e-11,2.6192086650507247e-12,2.863881065303152e-12,7.485551124353589e-06,1
1.0569174814317956e-10,1.0699954736557697e-11,2.805744576661204e-12,3.1537905631676215e-12,1.2620096080110916e-05,1
1.0580899183601641e-10,3.23616072147567e-11,4.5885549164137456e-12,4.241691288649902e-12,1.307472435724235e-05,2
1.1072893002774333e-10,1.5410142484434713e-11,2.725702009504069e-12,3.052908752784837e-12,1.4021396106140313e-05,2
8.076520372449077e-11,1.3406863713051716e-11,2.7054025041745612e-12,4.088357888518875e-12,1.1020573233725498e-05,2
9.623091141852078e-11,1.471316121882032e-11,2.822097371468609e-12,4.458197400248664e-12,1.1786451470951595e-05,2
1.0505666738267738e-10,1.4500231978775361e-11,3.1363179746816107e-12,5.8995853074175265e-12,1.3204970603472507e-05,2
1.0918751799345192e-10,2.3315900201987937e-11,3.991175341915353e-12,4.900000818932391e-12,1.4226929782662377e-05,2
6.317482671889235e-11,7.81776826357206e-12,2.218261598442368e-12,2.5585065626199087e-12,9.508347203231095e-06,2
6.864338202608868e-11,1.2342034898800917e-11,3.617355484626175e-12,5.780674540117576e-12,1.0487222164814789e-05,2
1.1088741431622415e-10,1.0690532744209792e-11,2.9413756556513343e-12,4.698898671473334e-12,1.1844403249711472e-05,2
1.0368740380171631e-10,1.3775485850245866e-11,3.0805974825377897e-12,4.814550182024595e-12,1.1924911614484515e-05,2
1.534322949060292e-10,2.150798602648665e-11,5.2644151486047886e-12,4.7029679778108225e-12,1.7906653143744738e-05,2
1.353312798606414e-10,1.3471137484835733e-11,3.1253750176562313e-12,4.44141845575953e-12,1.3928362671644479e-05,2
8.681406674769881e-11,1.0767204964940797e-11,2.8722837451794443e-12,4.922566575547272e-12,1.2050893632095776e-05,2
8.113811732288539e-11,1.2745698691432457e-11,4.5331317976823986e-12,5.2644548277029744e-12,1.172180105732134e-05,2
1.228260924732592e-10,1.4877401034511446e-11,3.20104609046119e-12,2.955107308174088e-12,1.3164392847222746e-05,2
1.7132556906494196e-10,1.5889997542689885e-11,3.51985828349239e-12,3.66382177460036e-12,1.5478012836964466e-05,2
7.752423759467091e-11,1.489740806816207e-11,3.8691672421099016e-12,6.641558568840274e-12,1.1372214076612921e-05,2
1.1094682605920096e-10,1.2858218119204913e-11,3.1951283722404227e-12,5.325236007742359e-12,1.2796030829479095e-05,2
1.5053794005431602e-10,1.4543674437368883e-11,2.8007381010536792e-12,3.5232858647727063e-12,1.5574232636362086e-05,2
1.998989835913599e-10,1.6818174840929155e-11,3.124239418465862e-12,3.551744717902377e-12,1.7086132929604843e-05,2
1.8751277159796458e-10,2.6334395738332237e-11,5.454283244189476e-12,4.707973167029539e-12,1.6832039595066376e-05,2
2.8354608251093304e-10,2.649153197520005e-11,8.304328634326274e-12,7.656241002278117e-12,2.0430467050869072e-05,2
2.530746774886058e-10,2.500198329504407e-11,4.5274987948682554e-12,4.412322292709054e-12,1.9964604697457083e-05,2
1.592508943422238e-10,1.712538432534435e-11,3.9697986951808316e-12,2.874156298222832e-12,1.828338431795585e-05,2
1.6685992107296201e-10,1.6867575391403e-11,3.812214216578622e-12,5.140092847688651e-12,1.6565942457219906e-05,2
1.0944078349713707e-10,1.4206426732095589e-11,4.01487918136545e-12,7.888397256961955e-12,1.319857096764124e-05,2
9.328837818998093e-11,8.179873285230665e-12,3.567256312968131e-12,6.920123851822219e-12,1.3543264865934223e-05,2
1.0600588287747577e-10,3.0683700831655525e-11,4.4611834320780825e-12,4.0149915865302185e-12,1.553091611856092e-05,2
1.2040291150122378e-10,2.0662656212339106e-11,3.402263846497075e-12,3.3489579296254877e-12,1.4752994115519667e-05,2
8.036342012469619e-11,2.2889943763836844e-11,4.377512728686626e-12,9.633197485992427e-12,1.2656610817107884e-05,1
7.988113284751464e-11,1.1707575267526699e-11,5.65490406158618e-12,6.8752165690647314e-12,1.220488972788986e-05,2
4.88443676819087e-11,1.6011827269574836e-11,4.357048249315354e-12,3.1340751461906434e-12,1.1002470470869059e-05,1
5.529667307670646e-11,9.422901827061438e-12,3.4754163214496488e-12,7.05457876567333e-12,1.1116395382752654e-05,2
1.011018396821633e-10,1.308981443473927e-11,3.112308683381937e-12,8.900982270828231e-12,1.2883950069013943e-05,2
1.4006468589678007e-10,1.6697584496395017e-11,4.0979522779047695e-12,8.816908620003713e-12,1.4449216373449157e-05,2
1.3063010647847155e-10,1.1312125399198176e-11,3.274061620266943e-12,4.037152925184308e-12,1.4194948381891115e-05,2
1.376818793945162e-10,1.1695609380571879e-11,3.5071424091367855e-12,6.429122176774305e-12,1.4576156222747452e-05,2
1.0097123525343957e-10,1.3908495913979685e-11,3.2410936633025623e-12,5.516775192457711e-12,1.2745375956084128e-05,2
1.5037103936680498e-10,1.2013908853369406e-11,3.288822445293235e-12,3.708814419860093e-12,1.5018746063208778e-05,2
1.223007306626129e-10,2.2956777680227173e-11,4.577483155359728e-12,7.53839837677368e-12,1.3580085600581333e-05,2
1.4718912904371618e-10,1.6234595790586086e-11,4.022273487405991e-12,4.713657384862937e-12,1.4673302528937706e-05,2
1.695304749703361e-10,2.4268947213738792e-11,4.559460267367725e-12,5.322466105451836e-12,1.5990551692999303e-05,2
4.823398841959385e-10,2.895135299140988e-11,4.19510886952085e-12,2.7690193927659177e-12,2.8385871062282674e-05,3
1.9333669383291075e-10,1.828472648415421e-11,3.3877091296291267e-12,5.341517462895669e-12,1.6197376406841017e-05,2
1.337372355477761e-10,2.1283399020665218e-11,3.363464407458238e-12,7.23856414242545e-12,1.443052682838395e-05,2
1.2365472006960308e-10,1.60685174881017e-11,4.047201430395981e-12,5.985286376715063e-12,1.3771505004817394e-05,2
2.544402712757562e-10,2.393724581270841e-11,7.414538361274445e-12,5.443278062532421e-12,1.9472775213871258e-05,2
1.245387300692333e-10,1.770763054905237e-11,5.082964390758053e-12,8.016259919920772e-12,1.3799940673393849e-05,2
9.278070023356931e-11,1.5797317675265412e-11,5.245949265515634e-12,7.756320922097267e-12,1.3011235534811852e-05,2
1.828630860381458e-10,2.0631715627723555e-11,5.4935632060065475e-12,5.499907251569614e-12,1.753766004348204e-05,2
1.1733431678085016e-10,1.8584168211579198e-11,3.903449801067598e-12,6.587790020276653e-12,1.4674196403166636e-05,2
1.6326489981214141e-10,2.1000596014389896e-11,5.726883798128732e-12,5.9450576934808365e-12,1.614234216699854e-05,2
1.4064674304549766e-10,2.1611916894040986e-11,5.214323251260387e-12,6.421688382120074e-12,1.566900557536205e-05,2
1.915977972781163e-10,2.0097927905189857e-11,5.2584001546052816e-12,8.429221726448811e-12,1.800758543981718e-05,2
2.2887638310738973e-10,1.8967077190971898e-11,5.489851848373502e-12,5.487647921597869e-12,1.9422110326010844e-05,2
2.052747590917449e-10,2.1304913658397956e-11,5.433380419534374e-12,4.770742145562573e-12,1.9194083799576286e-05,2
3.9200791131772795e-10,3.045057396924613e-11,5.479213945096515e-12,4.548550552832773e-12,2.5284180894222843e-05,3
2.8870596316718e-10,3.213377500354934e-11,3.7888736697958165e-12,5.927475470429362e-12,2.2403056711676264e-05,2
3.9302182654450964e-10,3.768886259387342e-11,7.535289607077683e-12,4.723711488769703e-12,2.5598355848088132e-05,3
2.7205990206312577e-10,2.5324324851721327e-11,4.596967537832612e-12,3.1508369562065157e-12,2.1749904991588594e-05,2
2.9056740135186563e-10,2.6988523663388478e-11,4.33520367799799e-12,4.390185840249432e-12,2.258224204989e-05,3
4.3877037761746187e-10,2.9147743274229133e-11,5.150373359322187e-12,3.977012874760939e-12,2.671957777036653e-05,3
3.171036448821403e-10,3.2888581103698525e-11,8.762348276717193e-12,3.473994784812169e-12,2.2764318577343766e-05,3
3.1118978452122875e-10,2.2651579607464385e-11,4.362715405892021e-12,4.751107427810907e-12,2.3806676155034603e-05,3
3.496259885523225e-10,2.1766873561756433e-11,6.2454796352772885e-12,4.939875085534606e-12,2.4918886081979343e-05,3
2.8653012330165746e-10,2.3040118247150784e-11,6.523343167408177e-12,3.4774121831637297e-12,2.4003190224816852e-05,3
5.910880737693923e-10,2.9323142175770225e-11,5.002925885943443e-12,3.8969415000601e-12,2.9508282787435273e-05,3
5.12781719637894e-10,3.660104315074889e-11,6.921570125522028e-12,5.046088873439378e-12,2.940122200250446e-05,3
4.781514425730946e-10,2.6333927900901152e-11,5.976104876334677e-12,4.738137134625973e-12,3.061407910914006e-05,3
5.952665127609391e-10,3.5626801763797994e-11,1.3449555177694927e-11,1.0043823343518557e-11,3.082547039124077e-05,3
2.152472410195161e-10,1.7827061151818902e-11,3.5240206953079607e-12,2.6706598754563038e-12,2.1496929955230486e-05,2
2.083285538440708e-10,1.8850812080370812e-11,4.359181534983729e-12,9.429765266325003e-12,1.941226276606657e-05,2
1.8539282389203884e-10,2.6339241877276755e-11,4.5926188594810424e-12,4.976781254040926e-12,1.93325934140306e-05,2
2.5772138254906403e-10,2.5985184391110472e-11,5.570024733631894e-12,5.4284784554139406e-12,2.1257554799839462e-05,2
2.1467667653120598e-10,2.2114616042323572e-11,3.913410757720708e-12,4.557734333654768e-12,2.03224777580556e-05,2
2.2659904152898147e-10,2.03533312968133e-11,5.8618041072216146e-12,5.830050633554195e-12,1.9403103741996205e-05,2
2.5295871482818604e-10,1.702683989603212e-11,4.2663801144751e-12,7.364033644817351e-12,2.271390751031769e-05,2
3.9968372522138647e-10,2.77949258020037e-11,4.851632160750422e-12,4.3440905862246776e-12,2.4652519924998942e-05,3
3.871983123817924e-10,3.2149547769825864e-11,5.089655081204293e-12,5.152435865078556e-12,2.6011152859389584e-05,3
3.286786963893384e-10,2.365912569713898e-11,4.945569881231297e-12,5.454250236885809e-12,2.5262784507973774e-05,2
7.38940878217148e-10,2.2930339082907156e-11,5.070944310115413e-12,2.28022824407381e-12,3.207025254384721e-05,3
5.256958622191897e-10,2.8201356510786246e-11,5.246610643013608e-12,4.279913852814101e-12,2.83066541635378e-05,3
3.441464547010146e-10,2.2115528234775762e-11,4.068708219660272e-12,4.131081838402048e-12,2.5080029688549454e-05,3
4.0773296852609587e-10,2.2463172730587758e-11,4.9455120215105e-12,6.030212569759674e-12,2.341373513961923e-05,3
3.9939457061702193e-10,2.222589810898312e-11,4.551759253629977e-12,4.848332804047343e-12,2.397447121165515e-05,3
4.857821233880682e-10,3.082530275442729e-11,5.3831943761107185e-12,5.2469957476789455e-12,2.9693998505288308e-05,3
4.647145877027796e-10,3.330873516442788e-11,6.708022887441156e-12,4.030182979691912e-12,2.8554854456915658e-05,3
5.555843971973966e-10,2.766892615681571e-11,4.892202542826317e-12,4.427773361979114e-12,2.9088915111817758e-05,3
5.878248965804774e-10,2.101462741204626e-11,4.5006279744760574e-12,4.664604415870597e-12,3.296619405306627e-05,3
4.874558427117948e-10,2.2954071087379292e-11,5.873477557613624e-12,3.9311479744155564e-12,2.9019629258338207e-05,3
7.392477548560256e-10,2.9768750093225174e-11,6.43445829561402e-12,3.733586682240716e-12,3.660641818791494e-05,3
6.398236947001032e-10,2.6264734955092114e-11,5.693929740211659e-12,6.270562405998536e-12,3.104809446596691e-05,3
7.599439389256774e-10,3.07405700526801e-11,4.053423029251281e-12,2.5601608444262433e-12,3.568521154377853e-05,3
3.829188426302722e-10,2.0575008029739475e-11,3.518373123555735e-12,3.4157377578747752e-12,2.5640498636532582e-05,3
7.01166929749101e-10,3.405421709449417e-11,1.2539476077430513e-11,2.448859554762452e-11,3.5843373440393235e-05,3
3.655606610953028e-10,3.3479711298870086e-11,6.062101845286438e-12,3.2750932402157234e-12,2.736122533027898e-05,3
3.1806522654507557e-10,2.3696906546106576e-11,3.98100940240188e-12,3.443907765455532e-12,2.3936093711117102e-05,3
1.1654158749423125e-10,2.3842291575061412e-11,3.661401390083718e-12,6.46528455805507e-12,1.4335030301262072e-05,2
2.0197401267858e-10,2.730119112183313e-11,5.3447005211012566e-12,1.2022653238359917e-11,1.782970844599619e-05,2
2.457237343469711e-10,2.950020445648505e-11,5.35000861840109e-12,6.150978970582309e-12,2.150788605650175e-05,2
4.297184751758987e-10,3.6051722607487245e-11,4.666406011338114e-12,4.9963354242823294e-12,2.504958233592619e-05,2
3.3967898771780213e-10,5.0471356939311784e-11,6.089911595551126e-12,5.148513556568411e-12,2.5494682545497477e-05,3
4.282876694632512e-10,6.726111860899164e-11,7.930220890349505e-12,4.62733617168078e-12,2.9490437497380196e-05,3
1.3749716212042844e-10,3.89988322013427e-11,5.8205848879444054e-12,3.6388423901913485e-12,1.745531947840219e-05,2
6.651900901829858e-11,2.968058391562345e-11,3.793352543452266e-12,2.925874660324186e-12,1.2422657450675302e-05,4
4.067817916254467e-11,1.4555047469248346e-11,3.993816377137509e-12,2.530852853808721e-12,9.03085218147775e-06,4
3.590892970726262e-11,1.2213726407621119e-11,2.9939761982814595e-12,2.235327046870023e-12,8.975598253962772e-06,4
4.88857497243768e-11,2.2219312371245547e-11,3.239889489056269e-12,3.023636646491527e-12,1.0315154155051714e-05,4
4.830815807711975e-11,9.237301687522775e-12,2.918531031698767e-12,3.3048202029984786e-12,1.0398934503612364e-05,4
3.439650949971297e-11,1.1889963077460834e-11,6.3652265681597175e-12,3.0484696453186473e-12,9.589920890911593e-06,4
2.962842780582421e-11,1.038389946535899e-11,4.0834345546544555e-12,2.497671084012854e-12,8.077379521892858e-06,4
5.037835613040908e-11,2.483440464411565e-11,4.836535316654008e-12,8.3083060426791e-12,1.0922616859621207e-05,4
2.9290316813158355e-11,2.610375605885771e-11,5.181827283582824e-12,6.058537784404336e-12,8.900479716856463e-06,1
3.496497765135251e-11,2.0900476793399355e-11,4.718760638335209e-12,4.652606021441329e-12,9.15738405123605e-06,4
2.999017363308155e-11,1.475880853936305e-11,4.4761038351375856e-12,3.32130995503579e-12,8.556471098969023e-06,4
3.2057983482706425e-11,1.4150379898069926e-11,3.1326389167902777e-12,2.1031642298016434e-12,8.229525720563483e-06,4
4.468878660499599e-11,1.5902851490198417e-11,2.5912718903912495e-12,2.268884234514036e-12,8.834651981998286e-06,4
3.257095744787583e-11,1.2307674158487197e-11,2.554872770728655e-12,2.2622619132982854e-12,8.694101614061517e-06,4
3.2823755138033424e-11,8.677960481448158e-12,2.6080985498089315e-12,2.0377266296710838e-12,7.839759403840639e-06,4
3.371123936103138e-11,9.81232823189196e-12,3.515518284648732e-12,2.4999257768808732e-12,8.33028443856887e-06,4
2.7789705226571784e-11,9.035500601848444e-12,2.7480018454947736e-12,2.3944829071077176e-12,8.032271272982205e-06,4
3.509262903557776e-11,1.3758196851320003e-11,4.0324536110369295e-12,2.5964936640565383e-12,8.939186516120621e-06,4
3.566417541804705e-11,1.4270983764364507e-11,3.817006107736951e-12,2.9404578978480026e-12,8.633568596977626e-06,4
2.1130123189144174e-11,1.2509264233044315e-11,2.4091373031562567e-12,2.358466768528467e-12,7.063061661939406e-06,4
3.284043289167419e-11,9.034207083595936e-12,2.3305144857092664e-12,2.4538905658968233e-12,8.379393995358492e-06,4
4.489934203046421e-11,1.9285088231759716e-11,4.4940933282284445e-12,2.8901354705338393e-12,9.865715166505777e-06,4
3.46236366001839e-11,1.1292054018117093e-11,3.145707835506511e-12,3.0381078548564386e-12,8.719251461137888e-06,4
8.429061707290877e-11,1.7517810651200303e-11,4.389042722656131e-12,2.7645009895984344e-12,1.3766848319645289e-05,4
3.574470199504149e-11,7.669753323200903e-12,2.952557373993413e-12,2.6983337417148754e-12,9.251379058368897e-06,4
3.884627387329839e-11,8.12916717205176e-12,2.9368162819642544e-12,3.1865844638373593e-12,9.859958919525023e-06,4
1.0345538036218035e-10,1.085874034812838e-11,7.512295169645407e-12,1.1695636848400644e-11,2.624512806819392e-05,5
2.2297516806122524e-11,1.5605058561446697e-11,8.23741447270531e-12,3.4592483572715255e-12,8.160392241904341e-06,1
2.4089617976468098e-11,1.6355991584728936e-11,6.645494742422387e-12,3.756257655285487e-12,8.014162631005664e-06,1
2.3609504465179048e-11,1.3052307407322775e-11,3.8126987636570845e-12,3.70476569994773e-12,7.5125658015772985e-06,1
4.048159167656025e-10,2.0104640527233462e-11,8.757238674103795e-12,1.585963991011787e-11,3.2226038676012316e-05,1
5.916861604661076e-10,3.283081960687694e-11,8.424412818594254e-12,2.2261963123428215e-11,3.582899644447369e-05,5
5.719204174061643e-10,4.441166336143491e-11,6.2340392829322925e-12,1.0964327322886681e-11,3.146162614144477e-05,5
3.552309361052165e-10,2.2486839179645013e-11,3.828139745826757e-12,5.508813612388907e-12,2.9238945172370807e-05,5
3.651570749217426e-10,3.1126032646649675e-11,4.769214645293621e-12,7.179392214942691e-12,2.875851730408644e-05,5
3.8304860704210454e-10,2.1382589866582408e-11,4.80164617727055e-12,1.01141307506005e-11,2.9420623485349554e-05,5
2.807017271491311e-10,1.185794519952995e-11,5.373177469880523e-12,7.05386389520937e-12,3.3816043289317304e-05,5
3.858606779427901e-11,1.5307600529395195e-11,7.167488949207512e-12,3.068918134081442e-12,1.0396658426714377e-05,5
1.7940994480163508e-11,3.075532167941157e-11,1.0915498721810713e-11,3.16410013894053e-12,8.748306551399286e-06,5
2.0006576990125902e-11,2.8935682663783042e-11,8.905843454866733e-12,2.891097611114517e-12,8.587574571767642e-06,5
1.794352149998821e-11,1.8404992802461123e-11,1.0308244521867414e-11,2.9373997669209034e-12,8.389937714061035e-06,5
2.0153335588450322e-11,2.3827615875498752e-11,9.563722921416114e-12,3.119290413922007e-12,8.585450776397637e-06,5
1.7467154443511604e-11,2.338190442674193e-11,9.777321431505737e-12,3.3747965040240343e-12,8.411469350100102e-06,5
2.4726210481248974e-11,1.649962003458987e-11,8.776222878536376e-12,3.101773008997247e-12,8.956729544982094e-06,5
1.6884818697638616e-11,9.253005453277753e-12,6.3834343617298945e-12,2.6260210816527535e-12,6.915469503591021e-06,5
2.1392761333021833e-11,1.3629349032367307e-11,7.847536923737922e-12,3.0899770021135196e-12,7.630270810441004e-06,5
1.992204762692911e-11,1.3120030496441111e-11,5.7130957818045484e-12,2.58024982987942e-12,7.718231533474776e-06,5
2.01066552584233e-11,1.0870956591491384e-11,3.421541514418323e-12,2.8813877502256697e-12,7.122145061875855e-06,1
2.5387110860436977e-11,1.9160569527591066e-11,4.396360185375326e-12,3.738433727671036e-12,8.234301047624945e-06,1
2.5754515834322687e-11,8.260804109066169e-12,5.623355640109157e-12,6.713128960700477e-12,7.492216629317167e-06,1
3.2252625050552324e-11,1.7756994302947754e-11,9.82287873436508e-12,3.104441093486963e-12,9.068149633985951e-06,5
2.3459053608781138e-11,1.0717950043636644e-11,5.662439581364287e-12,2.336322978517426e-12,7.328899894758949e-06,1
2.994891215125489e-11,1.2915613651745524e-11,3.76318750071291e-12,3.289998896837989e-12,7.956060847350992e-06,1
2.796201212432961e-11,9.36306140580484e-12,3.644722503479613e-12,2.6552578077036967e-12,8.140923264500815e-06,1
6.450926390990754e-11,1.3915695035120491e-11,1.852466832247791e-12,2.4979529887651998e-12,1.0211360764307031e-05,1
9.92203334962924e-11,1.7258702040389298e-11,2.570254028580782e-12,2.6099645688159644e-12,1.212276754121153e-05,2
8.77481808143983e-11,1.4776483505455077e-11,5.101588920953047e-12,4.213998985955652e-12,1.245422242961811e-05,2
6.057685193755071e-11,1.2289064905270882e-11,1.8348806960752646e-12,2.6898824561593133e-12,1.0313676979504055e-05,2
1.3630318976184832e-10,1.741138334815608e-11,4.5125065081744574e-12,3.750808604137889e-12,1.4328770562839824e-05,2
5.382552256379991e-11,1.2221784897997273e-11,2.9174527381830103e-12,2.5052435435528884e-12,9.81404449606512e-06,2
1.1486036086937336e-10,8.919850354877084e-12,2.664843765219802e-12,3.770264356920275e-12,1.2855113689428705e-05,2
7.534522430019769e-11,1.68820218488022e-11,3.3281172492249025e-12,4.252262112507871e-12,1.2440635353377609e-05,2
1.1727802093441409e-10,1.5761097564273894e-11,5.470034337496009e-12,7.1455312948968155e-12,1.3724491609841295e-05,2
6.617420270156327e-11,1.3522338223853725e-11,3.3071604869728873e-12,6.8448419783931975e-12,1.0995585538641015e-05,2
1.2667387717649488e-10,1.2623293618172423e-11,2.6556160063741707e-12,4.9423783312112645e-12,1.3273795813179916e-05,2
5.66975551365403e-11,1.4044964304404312e-11,4.022399994465373e-12,2.958432463311867e-12,1.0679410389321847e-05,2
1.0214753288918873e-10,2.544304671152825e-11,3.394892087647701e-12,9.479026022737824e-12,1.4398380517077639e-05,2
9.467877891560726e-11,9.342910392972999e-12,4.569824318623828e-12,8.374339878836806e-12,1.237270518564436e-05,2
8.201911546966517e-11,1.2327203760043847e-11,2.910120383563392e-12,3.884677462078504e-12,1.1643273095651323e-05,2
7.207434398294738e-11,2.106600193854584e-11,2.31235484581198e-12,4.6502162425334164e-12,1.0934583345955044e-05,2
8.138860512609592e-11,1.255643551478418e-11,2.789458448931372e-12,7.861257475536513e-12,1.140761801140173e-05,2
1.6180278617206072e-10,2.4951336083686477e-11,3.0385428999694603e-12,8.776312561220783e-12,1.4713207335193047e-05,2
5.298871027628312e-11,1.1908985799822014e-11,4.085093915978618e-12,7.946234395592416e-12,1.0114244586468041e-05,2
8.96235589937829e-11,1.2537275950158813e-11,3.451952689849156e-12,7.007670528595627e-12,1.2428529435599033e-05,2
8.586797953875961e-11,1.1949985577341283e-11,2.841769493330377e-12,5.122735416722489e-12,1.1926787636284921e-05,2
7.898499590133091e-11,1.2033312108363129e-11,3.5122160567221207e-12,5.1678471466445455e-12,1.1700668990899502e-05,2
8.269465603121475e-11,1.609056034658246e-11,4.409953150375835e-12,9.649194088091647e-12,1.1827073312585158e-05,2
7.318201423627854e-11,1.5491688768963504e-11,3.0352194139549793e-12,7.009492529258984e-12,1.3762954032374086e-05,2
1.1862930711035306e-10,7.935532671549551e-12,1.0213806924846063e-11,1.8336387913194307e-11,2.2830076378922677e-05,5
2.4000302069017282e-11,1.1197284723362108e-11,5.203660360267404e-12,3.4961483064583855e-12,8.265826949871169e-06,5
6.753513050060981e-11,8.681443766276999e-12,2.2973662573109516e-12,2.854149353097707e-12,1.081683058558362e-05,1
1.7517055792255964e-10,1.48903874431166e-11,4.256262713478097e-12,5.170338237457249e-12,1.6441867731167143e-05,2
1.6807311717172844e-10,1.3087193134104e-11,5.258774273143391e-12,8.811706634135147e-12,1.548982094663934e-05,2
5.436846746743389e-11,1.250126217010579e-11,3.3747873435199362e-12,3.551769883255669e-12,9.648287781975247e-06,2
8.622825709503263e-11,1.175945010056072e-11,3.330817548801077e-12,5.928016802727683e-12,1.2183833062033891e-05,2
8.203860500361775e-11,1.3469481828028436e-11,4.124733077269991e-12,1.1881040424933862e-11,1.172315701951885e-05,2
1.193280267649102e-10,1.6765288125023404e-11,3.677188778493904e-12,6.417984821738795e-12,1.3129684991873908e-05,2
1.2602246269370456e-10,1.7123536527345177e-11,3.365205293018885e-12,6.639671189373014e-12,1.3187755611115355e-05,2
7.657340904335088e-11,1.0391869999758716e-11,3.3432132874410906e-12,6.9410725586113285e-12,1.110700340342357e-05,2
8.578963775355054e-11,1.5027493443397542e-11,3.5812788612684396e-12,6.1555096138925974e-12,1.1694159349819627e-05,2
1.0006733829490272e-10,1.2539809305415413e-11,4.478208269922745e-12,6.570314637637141e-12,1.2927297703311532e-05,2
1.0973758287341958e-10,1.4313779026519941e-11,2.8387012908520133e-12,5.384119453080298e-12,1.3085046976255806e-05,2
1.6295890204092292e-10,1.8511306014540676e-11,4.112498355347984e-12,6.6340522148642075e-12,1.5371664184790434e-05,2
1.6271761600310798e-10,2.0559081142702444e-11,5.596108200715293e-12,9.597371788074078e-12,1.6892978713080567e-05,2
1.531786598075734e-10,2.0167228933310476e-11,5.7393819247745105e-12,1.0240181968643388e-11,1.5254872966576039e-05,2
1.1136997784791879e-10,1.6013536947176622e-11,4.648900886326438e-12,7.428804923156838e-12,1.4992605751925806e-05,2
1.3969846399959617e-10,1.2803106756389321e-11,3.524364366591206e-12,3.6075322422803375e-12,1.605658755058485e-05,2
1.3793422470279417e-10,1.5658433906469956e-11,7.716461619880885e-12,1.0371330866405004e-11,1.582900816077081e-05,2
1.1683891933146015e-10,1.7798184534532327e-11,2.2296161928616868e-12,3.516538865684392e-12,1.3988170762540552e-05,2
1.625497866604872e-10,2.2899865430655888e-11,3.908469688823498e-12,8.223058293657287e-12,1.5599012593315995e-05,2
1.542015699120533e-10,1.4007358868982203e-11,4.026114085849128e-12,5.356301197100888e-12,1.710273695738167e-05,2
7.571494771866289e-11,1.671328323766865e-11,3.4072618633510186e-12,4.404855985563382e-12,1.2509544611029141e-05,2
1.183455441626395e-10,1.4642942324842198e-11,4.600756398048996e-12,8.34491084590659e-12,1.3250488643671936e-05,2
1.6455691876936768e-10,1.497370730699932e-11,4.417260838615712e-12,6.9754593858437925e-12,1.5015964586403067e-05,2
1.2461218132677383e-10,2.124538175346269e-11,5.039444649248895e-12,7.291088425247297e-12,1.4831169243696413e-05,2
1.4435542379026794e-10,2.8690191781396618e-11,8.35090914188282e-12,5.301604881052475e-12,1.5669145097270477e-05,2
1.301715887329214e-10,1.427077266313378e-11,4.5701565948612415e-12,9.227289126667612e-12,1.4637573678868548e-05,2
1.767028724884871e-10,1.5842989301981315e-11,4.400185888922547e-12,1.092229328290152e-11,1.6646400002508787e-05,2
1.245537849693715e-10,1.4930764491407218e-11,4.088019100503503e-12,9.895572423506548e-12,1.3630044359859829e-05,2
1.5111128163764015e-10,2.1524705444512675e-11,4.190364149881575e-12,9.807417512050517e-12,1.619231227952026e-05,2
1.503111609812623e-10,1.6002568989929735e-11,3.7323559002636696e-12,3.5892326231864178e-12,1.4902168812896732e-05,2
1.9080606496752704e-10,2.438869814329581e-11,5.338296519727252e-12,5.5255777219972494e-12,1.6782838888625723e-05,2
1.4427584538237498e-10,2.2081985261565197e-11,5.412154148130429e-12,8.563524563525196e-12,1.6881778622137353e-05,2
1.2129277635802298e-10,1.3975368325167611e-11,3.989539050882942e-12,6.85418775633189e-12,1.4993467885872064e-05,2
3.7158154434890275e-10,2.0537469954038408e-11,5.269307889926394e-12,5.3679041167949864e-12,2.487728674689618e-05,3
1.7760475708374572e-10,2.043761601408753e-11,5.678775125513193e-12,5.963952047909592e-12,1.7304775945894397e-05,2
3.4117615074151403e-10,2.2708715914608378e-11,5.521164723321341e-12,3.414123810744163e-12,2.254745263851053e-05,3
3.854541406148371e-10,2.3712396964367016e-11,4.658764880218556e-12,4.163889881622923e-12,2.308761951193604e-05,3
2.5164867980155587e-10,2.1547480267993957e-11,4.010101841301709e-12,3.3171986976034188e-12,2.148017684496419e-05,3
2.039985990777767e-10,1.729988010694898e-11,4.343214287246171e-12,7.0454744468268455e-12,1.7557131423059323e-05,2
2.0850162369865222e-10,2.455902279088533e-11,5.9855676466170896e-12,7.695890829048731e-12,1.8140194964494963e-05,2
1.4728418374481935e-10,2.331431943195069e-11,3.862328753433559e-12,5.906894230746598e-12,1.6430276103071633e-05,2
2.591693503345744e-10,2.6446316475782953e-11,4.6545623265915335e-12,7.44814324896288e-12,2.0430355001575807e-05,2
4.345056258984303e-10,2.738206691322957e-11,4.664120949173173e-12,5.052835325593391e-12,2.4541667948551044e-05,3
3.898474014989839e-10,2.1736761295160133e-11,4.354985046186856e-12,6.053908912687713e-12,2.5425907077440237e-05,3
2.1787344500034184e-10,1.6544693078823504e-11,3.924227175240433e-12,3.164906201488018e-12,1.8624874474580957e-05,2
2.8602890755558533e-10,2.3763889984976087e-11,5.173224126793059e-12,7.306756065177582e-12,2.1006165886970473e-05,2
4.033233326920234e-10,2.3935533193693446e-11,5.0160806456986254e-12,6.358011664770062e-12,2.4561549609346184e-05,3
3.0515737890824445e-10,2.2694529671620624e-11,4.65247344372201e-12,6.05683980400038e-12,2.1926919110549733e-05,2
3.1184745004791757e-10,2.260053827684807e-11,4.551508731057187e-12,5.5455155233111894e-12,2.0446335529112656e-05,3
2.359565005862775e-10,1.9009543929859504e-11,5.935542072412172e-12,4.230054229993894e-12,1.9493168060600177e-05,2
4.658798883959504e-10,2.4106719943819713e-11,5.024775519674299e-12,4.5111342272800616e-12,2.8477551087275743e-05,3
5.274645671538503e-10,2.7844167562606343e-11,4.5712032018763364e-12,4.367986832367172e-12,2.657809511069609e-05,3
5.774113018996899e-10,2.2606117127315647e-11,6.6824350248266555e-12,9.130492123233755e-12,3.393922665707247e-05,3
4.4314476671995785e-10,3.2846658329395784e-11,5.072703440143767e-12,7.938995846594482e-12,2.4331028283350754e-05,3
2.3838186879735054e-10,3.4769292625464566e-11,4.787375933057356e-12,4.97956457048401e-12,2.0737281887150942e-05,2
2.4816697083405663e-10,2.1734390832351212e-11,3.910983358998375e-12,3.695107751362993e-12,1.8627758440379138e-05,2
1.557947458957401e-10,1.9465529497100328e-11,4.76179625195266e-12,7.0926516927027845e-12,1.6201224889702248e-05,2
1.7667707707503235e-10,1.8796865057765255e-11,4.34010729864167e-12,6.239782736002416e-12,1.7838205444934845e-05,2
2.6252329480427427e-10,2.0776077440833634e-11,6.1127432976020324e-12,1.018847552980042e-11,2.0673102599853476e-05,2
1.153383345036104e-10,3.171580186191017e-11,4.4891283976931085e-12,4.461878243480542e-12,1.5264141567731813e-05,2
2.2335617039385889e-10,2.4140928988205128e-11,4.0556013359542985e-12,5.195170616372635e-12,1.8894316915557188e-05,2
2.9008892653376604e-10,3.4539895775489923e-11,5.762616007315481e-12,4.055560925022371e-12,2.346367670179532e-05,3
1.0765479500207596e-10,2.1064393716848156e-11,3.5012990829665513e-12,3.3384335289967836e-12,1.510373410614309e-05,2
1.094100479823074e-10,2.2674919843425626e-11,3.2344459875506025e-12,3.3230856609515604e-12,1.3713790188651432e-05,2
1.3646326845298063e-10,3.506316094581179e-11,4.616619428123408e-12,3.341790928375092e-12,1.4531559787082555e-05,2
4.685926187101781e-11,1.3806338465297665e-11,3.1092161501708804e-12,3.1610796842733004e-12,9.620366926895805e-06,2
4.930185595565755e-11,1.6664409811894143e-11,6.251104606063668e-12,7.424603382145625e-12,1.0192548334631617e-05,1
4.242890825052612e-11,1.7694466152423756e-11,3.7171415129981535e-12,2.7479199908527454e-12,9.378176045010938e-06,1
3.900709317075927e-11,1.3247510915275173e-11,2.3073024341325953e-12,2.6817176672457317e-12,9.514816027872879e-06,4
3.966498798230358e-11,1.075665482554046e-11,2.7898389026841925e-12,2.3886339783265767e-12,8.581204954030276e-06,4
3.958238762329328e-11,1.0386529395752373e-11,3.2180375653968322e-12,2.4776196687413838e-12,8.586748942559309e-06,4
3.47547155147753e-11,1.2706177728203834e-11,2.482336356368786e-12,2.5167639049865385e-12,8.56962231148773e-06,4
5.590508898290082e-11,1.8083665507535703e-11,3.4607479099335423e-12,2.78402391180984e-12,1.0645792808783086e-05,4
3.418046816594699e-11,7.899518688064095e-12,2.746866875560098e-12,2.2998700345941767e-12,8.38779364641041e-06,4
4.4540726620283317e-11,1.4447073013871626e-11,3.949137741329027e-12,2.5253570358660113e-12,9.542078856428255e-06,4
2.9400019737106603e-11,8.077022984408817e-12,3.0169340424224986e-12,3.1878623294794434e-12,7.984846899269972e-06,4
3.753334724104199e-11,1.0225805257974627e-11,3.3831014365967664e-12,2.555077720278138e-12,9.94763119721785e-06,4
6.004502404848133e-11,1.0632060571920522e-11,3.2412696017644224e-12,2.410926141701207e-12,1.3352313088443113e-05,4
3.896891703109126e-11,1.0399701327908025e-11,2.675912442155285e-12,2.5741640032544374e-12,9.822182431252717e-06,4
3.94569616451252e-11,1.1995879135397498e-11,2.8953626135251767e-12,2.636700127776596e-12,9.082005740700806e-06,4
3.0506598751246874e-11,1.0468944819233932e-11,3.18650793745205e-12,2.3417167541368764e-12,8.35944216898593e-06,4
3.2912101075561176e-11,9.493739256722089e-12,2.4095571090971107e-12,2.3884039809727223e-12,8.327997682291384e-06,4
4.2271355685943814e-11,1.1287130185400407e-11,3.285896818405486e-12,2.8617699548686153e-12,9.72103207407065e-06,4
5.635916264889444e-11,1.1329587108840185e-11,3.8955402503303326e-12,2.827540269645958e-12,1.0628927962011185e-05,4
2.6898159721902915e-11,8.611753658531377e-12,3.2808799941997926e-12,2.486873077233032e-12,7.7435873561855e-06,4
2.3828334726592185e-11,9.405589661343228e-12,3.465651635393474e-12,1.9974862111764824e-12,7.236436340559348e-06,4
3.72265744416375e-11,9.921107817628994e-12,3.5692030842369635e-12,7.265256227609133e-12,8.965111910090566e-06,4
2.9479771873986655e-11,1.0339497153825984e-11,3.3229750549757026e-12,2.4487224221906263e-12,8.935493938301964e-06,4
2.970151714009512e-11,1.0092175272301665e-11,2.760194154536768e-12,2.787351932093269e-12,7.974163560320973e-06,4
2.6257165475464605e-11,1.243926726553572e-11,2.45629156432681e-12,2.588894869337744e-12,8.135310872271252e-06,4
4.7849088561561394e-11,1.3290635966246799e-11,4.439541263871671e-12,3.845249434247325e-12,9.964014693100713e-06,4
2.2976167322584152e-11,9.212000781440702e-12,3.1825664925787163e-12,2.6301134490649648e-12,7.050935637410211e-06,4
2.4393000216486045e-11,1.2306614614479127e-11,2.637161357212647e-12,2.6702023628066843e-12,8.058885098468978e-06,4
2.8118248191236873e-11,1.3916148181000613e-11,4.028314415859725e-12,2.47347873139638e-12,8.059171372500163e-06,4
2.979796059847902e-11,1.3433446107701583e-11,2.9273180926363475e-12,2.503096944082149e-12,8.596277675071347e-06,4
8.160869090502216e-11,1.0112951245407507e-11,2.9295820281176963e-12,2.6605142079375015e-12,1.3696738747940063e-05,4
2.386086744783008e-11,8.238191507354755e-12,3.0674647528547803e-12,3.1757119610182295e-12,8.039966772192951e-06,4
2.9175579419498925e-11,7.576536174948016e-12,4.085505901566776e-12,2.792811492377089e-12,8.157647038571736e-06,4
3.0651522365686046e-11,1.3627593762440912e-11,3.697042858612822e-12,3.50260609652493e-12,8.284636180324889e-06,4
4.2467354504602133e-11,7.682865153813536e-12,3.568814636105385e-12,2.86568951165415e-12,9.749022096353028e-06,4
3.776442294522138e-11,9.338936129793228e-12,4.47745716087339e-12,9.335338632689235e-12,1.2285221512600766e-05,4
2.6405981306237765e-11,2.0029985620626704e-11,5.953512215639104e-12,8.720805158649738e-12,9.262028172653941e-06,5
2.956269385152849e-11,8.243690501149629e-12,2.2612416059026444e-12,3.4355316480870755e-12,7.223350564509717e-06,1
2.6174887173861838e-11,8.190491498190488e-12,1.9215445268172246e-12,2.9861614884505027e-12,6.9462187887785966e-06,1
3.713855015914388e-11,1.1879716558623346e-11,3.2580547385445948e-12,2.798602946186886e-12,8.393525804029994e-06,1
3.041031190869772e-11,1.1068340409944623e-11,3.220316807690956e-12,2.4892488330476404e-12,7.750946302958814e-06,1
2.7672359912188944e-11,9.796398040740688e-12,3.9049284647778506e-12,3.3809569935091893e-12,7.785459292892045e-06,1
2.4213214724513947e-11,1.625677420792632e-11,4.337791032000624e-12,3.5344665988903304e-12,7.920965909762297e-06,4
7.297167562086827e-11,1.126290064439247e-11,3.961675482048699e-12,4.060309971270423e-12,1.2318887649676332e-05,4
2.3223410490190568e-11,9.649783097671253e-12,2.1080669240648507e-12,3.1410499306991688e-12,7.047341730086829e-06,4
2.9386099407457723e-11,1.4926910565391174e-11,2.5442156868513496e-12,2.8117689384116666e-12,7.921220559982353e-06,4
3.5572703401338446e-11,8.730209197368551e-12,1.9706692229092773e-12,2.7123919986580528e-12,8.662048464077382e-06,4
2.7639704141895126e-11,8.980408073477721e-12,1.896460235879504e-12,2.800629696646135e-12,7.589886227240914e-06,4
6.299696187710002e-11,2.0829611801755668e-11,3.8074609275096584e-12,3.2600573863743722e-12,1.0522281517206221e-05,4
2.2366848592031277e-11,8.459633446743124e-12,3.857575972685901e-12,3.5816701330858925e-12,7.181139862916393e-06,4
1.3691292181893468e-10,1.0781685273585781e-11,5.035163385336959e-12,8.89855576282514e-12,2.2570617413528404e-05,4
4.4394163772569124e-10,1.5212651237268478e-11,8.343726709935006e-12,2.4061996337065024e-11,3.70857433993734e-05,5
7.206173064123739e-11,1.6578024898000617e-11,1.1045482872920436e-11,4.360792312499708e-12,1.5267161347287332e-05,5
1.9978609626233035e-11,2.6962217017485057e-11,1.3557198819105465e-11,3.676968899477222e-12,8.82912149182071e-06,5
1.1224504476079462e-10,1.4627290209032016e-11,1.2112536226133356e-11,9.69955570885848e-12,1.717006733555142e-05,5
1.414725452941754e-10,1.5152174601516544e-11,7.1972438362178676e-12,7.539893560255753e-12,2.028655285456362e-05,5
2.190642829604215e-10,1.3056106825493428e-11,4.901020374304387e-12,8.87980032415948e-12,2.7020914249242808e-05,5
3.0954028722280727e-10,1.940207686483568e-11,3.5837505874967134e-12,4.238749393714009e-12,2.6307332123481583e-05,5
2.4310039838639266e-10,2.3254712116415464e-11,4.38871393600623e-12,4.346108337551544e-12,1.9826510932850742e-05,5
7.187362643661045e-11,2.0890674899575204e-11,6.7234885234086285e-12,2.7421603660972077e-12,1.1692517452706957e-05,5
2.6301135463687367e-11,1.6028649966348442e-11,1.0145885045561966e-11,3.2774939649623546e-12,1.0970978378165012e-05,5
2.47860823588525e-11,2.2685538177601094e-11,1.0193931301577327e-11,3.022938299116924e-12,8.747085340437063e-06,5
1.892561345001377e-11,7.993436441312737e-12,9.084852293747187e-12,2.573069815334286e-12,7.2031465617412025e-06,5
1.5004767024689207e-11,1.6570654751748087e-11,1.2967338068675117e-11,2.8147664852311802e-12,7.648605878660114e-06,5
1.96055916953505e-11,2.4967084709508495e-11,8.695344357898785e-12,2.69951744599267e-12,8.404907585190075e-06,5
1.9211530073542578e-11,1.95659865273009e-11,7.410536403192875e-12,3.65712799877812e-12,8.218971324947183e-06,5
1.2548008458593606e-10,1.5043666102068857e-11,7.705249069871965e-12,1.844364297590506e-11,1.850468654337128e-05,5
1.976252057461795e-11,1.7191058531362147e-11,9.689580044781365e-12,6.4984353655543956e-12,8.603770271016665e-06,5
2.0266149297045448e-11,1.15002843552906e-11,4.764594484630846e-12,6.0697641380943944e-12,7.599677042541977e-06,1
2.347347526129473e-11,9.612007457665211e-12,5.8623614387593006e-12,5.835685080099583e-12,7.829383592126857e-06,1
2.6537901186926123e-11,6.892751955511423e-12,3.474186022347166e-12,4.235922204798496e-12,1.1349925343805392e-05,1
6.038787722288651e-10,2.0041893014181184e-11,5.586853634424901e-12,1.5225944020128726e-11,5.0566556422100076e-05,5
1.369651483510548e-10,1.3864080334411283e-11,8.576762616754228e-12,8.806434601661988e-12,1.9768930402829895e-05,5
1.817858842264859e-10,1.8015050362322762e-11,7.476228273228964e-12,1.6370246387245057e-11,1.7706453418618264e-05,5
2.469939093297486e-10,1.3015497710919275e-11,4.886745730674806e-12,8.50576094397188e-12,2.3689208485759384e-05,5
4.3728566822761074e-10,2.1487294526213306e-11,3.116824892046778e-12,7.546595107847267e-12,2.562179107163706e-05,5
1.4782812608618013e-10,1.2041357187017868e-11,5.7531477694668135e-12,9.25514562202849e-12,1.9317228520488084e-05,5
6.389614726679391e-10,2.7668548709091098e-11,6.345730218581828e-12,1.1577124747023297e-11,3.511153025140834e-05,5
2.8254350370885093e-10,2.007353659972683e-11,5.80906585739488e-12,8.048768210969066e-12,2.903410253085984e-05,5
4.752825110153596e-10,2.260015430940161e-11,6.776962873055148e-12,5.655197696922294e-12,3.0089617027702897e-05,5
2.0028377599121936e-11,8.189940713155963e-12,8.236737141909707e-12,4.0442425769536815e-12,1.1265719005129775e-05,5
1.7794112207270817e-11,9.717202282191437e-12,5.278944657345675e-12,3.348404365190038e-12,7.0491678138443125e-06,1
1.3440564683359006e-10,1.6356630869225585e-11,5.587089504502608e-12,3.83782730224745e-12,1.6206545477187877e-05,5
4.5525778497426155e-10,2.956655736506911e-11,5.0535274911063725e-12,6.152319361460926e-12,2.5115636817302893e-05,5
7.570843300060005e-10,3.999466009023286e-11,5.45600852242117e-12,5.37669985214093e-12,3.2988549691684155e-05,5
4.55982362247243e-10,1.6978759633918225e-11,7.933759824988134e-12,7.250075974159773e-12,3.214244280579188e-05,5
4.927402211161634e-10,2.958368964970357e-11,4.628496311982598e-12,9.717121765736668e-12,3.400986129936026e-05,5
4.64736685400702e-10,2.1098183449276837e-11,4.757879567521686e-12,7.722500173601304e-12,2.8249821707453873e-05,5
1.6531382011335004e-10,1.5722085712837398e-11,6.690501848109955e-12,3.463756855359086e-12,1.7568378098791817e-05,5
1.182497537690466e-10,1.2356888990686814e-11,6.8915901867491985e-12,3.6060754634662295e-12,1.5020173183773685e-05,5
2.0034246416281647e-10,1.7354695796085196e-11,4.972437083563272e-12,2.7080843706155356e-12,1.8532166329088386e-05,5
3.792900319719369e-11,7.1676042643980006e-12,9.694154475165733e-12,2.862917984220134e-12,9.916315551366063e-06,5
2.3973506723262504e-11,2.0120652266792856e-11,9.524529251017827e-12,4.370814894079435e-12,8.440816605628453e-06,5
8.238865498006428e-11,1.2189151748883214e-11,6.1643542329198134e-12,3.185633652761776e-12,1.4484418137493079e-05,5
2.9640501411936386e-10,1.533471495583263e-11,4.450070004375654e-12,8.53785126393172e-12,3.812007505492104e-05,5
5.437735934395656e-10,4.186961473994297e-11,4.817536555500433e-12,7.981452322056654e-12,2.986757456948598e-05,5
1.9002351203939457e-10,1.6602496814553147e-11,2.179121290203462e-12,3.732793061688453e-12,1.7415989392922427e-05,5
2.2195003592027865e-10,2.3293480787991846e-11,3.547950931656217e-12,3.570726007317387e-12,2.140059771668818e-05,5
2.670361042338417e-11,1.5326356730631546e-11,6.241545967322275e-12,3.036382694797046e-12,1.1959474316682773e-05,5
2.1878714759742416e-11,1.3141410990199586e-11,6.668199775446228e-12,2.461333333890523e-12,7.546520698856392e-06,5
2.0224982922152834e-11,8.756310217292422e-12,4.024560534654828e-12,2.4766448795139127e-12,6.993542199160488e-06,1
2.259978191225645e-11,8.6425789031821e-12,3.6717050088681555e-12,2.736536367745547e-12,7.1132913021351095e-06,1
2.7844503154210014e-11,7.223046465930379e-12,1.822588180976058e-12,2.2079260829668487e-12,7.774691435961533e-06,1
6.528124174543766e-11,8.2416514435552e-12,5.199097227097858e-12,4.659483718858919e-12,1.3330699405010604e-05,1
4.979736124896192e-11,6.7268406565068515e-12,3.665702636558024e-12,3.073169607668659e-12,1.0675707226734736e-05,1
1.5791352135597628e-10,9.670248027391755e-12,6.099687251649252e-12,7.290955133274134e-12,1.9674907464098835e-05,5
2.2367247882943762e-11,1.8399113420109886e-11,5.573418289821355e-12,2.544479052939268e-12,8.691151189450979e-06,5
2.254524851025887e-11,2.101276553992621e-11,8.68587847204836e-12,2.675991675367558e-12,8.727307632444026e-06,5
3.0987848672969776e-11,2.1847767426573524e-11,9.225256746434109e-12,3.205451641843202e-12,9.440320298306101e-06,5
3.625688816636227e-11,1.317172504200581e-11,5.433172343132966e-12,2.6944688303243532e-12,1.0087685729439899e-05,5
3.3976381657501965e-11,1.2455316622333488e-11,6.684694340615612e-12,2.845447541097694e-12,8.792971480567037e-06,5
1.1832470530256347e-10,8.53558520956635e-12,2.2721162245017308e-12,2.2550059897068014e-12,1.605639934352789e-05,5
8.954352880635035e-11,9.386183679989317e-12,7.319760307738613e-12,4.354494892511014e-12,1.599250502784715e-05,5
8.305346187702539e-11,1.1128242838707072e-11,4.9567668938133655e-12,5.101718879985086e-12,1.724327774224588e-05,5
1.6408309051161642e-11,1.0025790060551258e-11,5.668097726162434e-12,4.415617674491995e-12,6.977154283280778e-06,5
2.4872513199649274e-10,1.1056020207594539e-11,5.350852368509196e-12,7.92238843359844e-12,2.424313878301997e-05,5
7.51606078083641e-11,1.0275240709726516e-11,9.831815014411857e-12,4.357812492118196e-12,1.3886374623531966e-05,5
5.102366546292319e-11,1.0839006778888346e-11,5.386657827606129e-12,4.514076401457321e-12,9.47974866267746e-06,5
4.3854816586103434e-11,9.063907445367638e-12,7.427762034613535e-12,4.796220962271784e-12,1.2207875357064388e-05,5
1.7123081327171757e-10,1.3176815454421163e-11,3.232800340693177e-12,8.063810624218456e-12,1.7259329132792305e-05,5
2.48225389172932e-10,1.28161914323432e-11,3.4815667456700143e-12,8.307113910546811e-12,2.0649331776757064e-05,5
4.36186705793711e-10,1.6332373989607917e-11,3.685176556544101e-12,7.4906428745004e-12,2.9699067852597755e-05,5
5.023814810222176e-10,3.3675517755715384e-11,5.092927296062327e-12,1.1270159043442128e-11,3.839833359800707e-05,5
2.634515870356806e-10,2.4171704358621247e-11,6.032686823778626e-12,1.2110954328799877e-11,2.5219427113667253e-05,5
2.0312733333033725e-10,2.2362234624454876e-11,2.654183255022499e-12,6.743353590773421e-12,1.8481065719493457e-05,5
2.978067643763114e-10,2.537822949357482e-11,3.5438725600556924e-12,6.381960174961428e-12,2.1913315215281847e-05,5
2.536610805276479e-10,1.908706213371266e-11,3.2720613934257075e-12,7.655768806600944e-12,2.1221326628832893e-05,5
2.854326937114654e-10,2.519105158497069e-11,5.321630508962685e-12,1.1490017637740789e-11,3.250310468411839e-05,5
1.2996716652916015e-10,1.4322219195808506e-11,2.9132082577804395e-12,5.456368285346836e-12,1.3991718864133929e-05,5
2.1732674854273202e-10,1.7697124645003257e-11,2.546632344275844e-12,6.668028160952228e-12,2.254790569532771e-05,5
3.220282133051894e-10,1.6032966072014633e-11,2.9908743327493784e-12,6.224613000703987e-12,2.189389438503732e-05,5
3.1312616219452385e-10,1.804515351014863e-11,4.856628507203613e-12,8.659318291888203e-12,2.41081641886204e-05,5
1.1076618294490369e-10,1.0493299116283279e-11,3.532859004871514e-12,3.49633662793473e-12,1.5248668716395755e-05,5
1.029324346590778e-10,1.0336628206663551e-11,1.9677316434881994e-12,5.61554420881061e-12,1.3581521788638866e-05,5
6.558107881665855e-11,1.094045200268516e-11,2.949092520246625e-12,2.4277933813847665e-12,1.0620459254315053e-05,5
1.0457768686465496e-10,1.05005383341818e-11,2.1391930920923994e-12,2.9553781089197252e-12,1.3292550054217771e-05,5
1.544178828831241e-10,1.90263094556295e-11,2.841884458588585e-12,3.795079720514418e-12,1.6048128464830583e-05,5
9.138631974194515e-11,9.715448154207327e-12,2.5239592190009845e-12,6.080013817077495e-12,1.4499324560866724e-05,5
3.562445532432863e-10,1.6072971711696433e-11,2.610596394521631e-12,4.23955161221929e-12,2.331869574811455e-05,5
2.0727278142399e-10,2.1359642472753247e-11,3.4121027342805976e-12,3.325564282045067e-12,1.9837464565978267e-05,5
3.215594643728063e-10,1.6245614300797713e-11,2.997578496425449e-12,6.981554027680278e-12,2.90496335862281e-05,5
2.424030056896139e-10,1.2606779398050306e-11,3.833319443247313e-12,9.846900172585489e-12,2.5194534082614956e-05,5
1.4410477951658223e-10,1.567974370781477e-11,4.4082659581883964e-12,1.1294285069969583e-11,1.8666387620796555e-05,5
2.693911051650505e-10,3.094843190971774e-11,5.223364434390203e-12,9.462321503465594e-12,2.4939703065493512e-05,5
8.515338255825048e-11,1.355666476137076e-11,2.5058508750428146e-12,5.987073314766064e-12,1.4772309419262227e-05,5
1.5110806067780632e-10,1.2192495459896463e-11,3.6102595120100584e-12,1.06810764704287e-11,1.7206789013291315e-05,5
3.404978472192217e-10,2.657263719032951e-11,6.223743376663701e-12,1.4793736128545993e-11,2.54352475702079e-05,5
4.020056265794667e-10,4.095346064687995e-11,6.325585664890822e-12,1.8354032762396484e-11,2.8911092893256514e-05,5
1.2621568333824806e-10,1.577587778265211e-11,3.999083334477773e-12,9.193463906283914e-12,1.9744783029170156e-05,5
2.447017582056272e-10,2.306579181128871e-11,6.5549269181591025e-12,1.7192466976151536e-11,2.5815754961911488e-05,5
1.743596867034987e-10,2.9026901799061386e-11,5.314789994738675e-12,1.2372993586029213e-11,2.0829235845342086e-05,5
3.6794567922422085e-10,3.4487846274022376e-11,7.616825422879433e-12,1.2040597490661443e-11,2.822679689645975e-05,5
1.7830881842453797e-10,2.8131073138276125e-11,6.365914861229441e-12,1.085148576740418e-11,2.060278719999447e-05,5
2.2479048582265965e-10,2.074411327973714e-11,5.736720435052936e-12,1.5486558765433163e-11,2.4792418918765683e-05,5
4.5982208316265526e-10,5.97637448943747e-11,8.63490122745341e-12,1.408985565924427e-11,2.8031750810057386e-05,5
2.5105070420210677e-10,2.604879775949551e-11,6.424519186523639e-12,1.2538723599937087e-11,2.8286899689001904e-05,5
4.037239159485618e-10,3.647951076897729e-11,7.371922049921724e-12,1.8147551528785276e-11,3.212377742431182e-05,5
3.830033818104225e-10,2.662531517591756e-11,6.620478798175948e-12,1.8114444067753507e-11,2.801665527824342e-05,5
2.947433507684855e-10,2.1898576338082506e-11,4.905112219706572e-12,8.900340777086448e-12,2.846947015812939e-05,5
2.1061136429185e-10,2.1402630344104677e-11,6.430971168801078e-12,1.776322469062931e-11,2.2678817647715148e-05,5
3.1485824321309774e-10,2.2301839085848324e-11,5.424042458308314e-12,1.1046163460286505e-11,2.9244772247860053e-05,5
2.979303336748831e-10,3.375140883112644e-11,5.573325401329199e-12,1.266628775239822e-11,2.5228096316261393e-05,5
9.890657573126521e-11,1.0476346486077723e-11,3.0717364858279384e-12,9.475120482568009e-12,1.523853892300276e-05,5
1.6174941150653107e-10,3.4104082922249645e-11,4.188373331592037e-12,1.0377517731966463e-11,1.983773116340212e-05,5
1.6323693774548733e-10,1.6882178840989738e-11,3.227814605911688e-12,8.402477283642119e-12,1.7136313260152935e-05,5
1.467757564320505e-10,2.4705490052181292e-11,4.815979968064654e-12,1.0679906183771173e-11,2.035249817356042e-05,5
2.1614321168157758e-10,3.439583816326059e-11,8.145296898313338e-12,1.9404864660761624e-11,2.357841251915336e-05,5
2.9469585211372445e-10,3.505980843352221e-11,7.279080477999993e-12,1.560009882609535e-11,2.810132802032815e-05,5
3.776495048313442e-10,3.537362518508075e-11,8.28407631497321e-12,1.6232728956319442e-11,2.9014712958503213e-05,5
1.9348821201979153e-10,1.737897724995305e-11,3.698152169269451e-12,1.0604195346088374e-11,2.2658332075860298e-05,5
2.384453575548638e-10,1.661332046123408e-11,4.7590530919255356e-12,1.2747996359524312e-11,2.584628974223106e-05,5
1.09606538294713e-10,1.5554419248321874e-11,3.3564856959868976e-12,8.45683416805802e-12,1.7267102824651262e-05,5
8.483541233573217e-11,1.2755981480657026e-11,3.6224185864047864e-12,7.980726998525853e-12,1.4604176180552822e-05,5
2.637938277887429e-10,2.364642481809276e-11,4.508647238149307e-12,9.190692525566435e-12,2.746721233743247e-05,5
3.804193863436013e-10,3.5177930624832313e-11,7.630151507102847e-12,1.3216000246024026e-11,2.997480171980861e-05,5
1.543404604087623e-10,1.2414987086590301e-11,2.9438139247733715e-12,7.234115095892388e-12,2.0010502230223297e-05,5
2.649258019894011e-10,3.0791982391143376e-11,7.05121361215436e-12,1.55469359159008e-11,2.4163393414409444e-05,5
1.0235324864817017e-10,1.3716642972510785e-11,3.186547362032661e-12,7.50706094102192e-12,1.5575376392339763e-05,5
2.3168361830012845e-10,2.3096949777862834e-11,5.277897732403857e-12,1.364403087904438e-11,2.2657822744876446e-05,5
1.9028331570563906e-10,1.7535782453875314e-11,4.06998182588794e-12,1.0482490341441394e-11,2.1828814015794388e-05,5
2.2814955743544403e-10,1.90054213728346e-11,5.282238659217146e-12,1.1983034126760665e-11,2.4578621580886243e-05,5
1.4790374956889097e-10,2.0563458612960086e-11,4.017385661623086e-12,1.0206694225653395e-11,2.123631473672762e-05,5
8.136019600197968e-11,1.4135801119647249e-11,3.833131854460497e-12,1.376058444636223e-11,1.4679706059608406e-05,5
9.62078797865158e-11,1.1462063122823587e-11,2.6859284351476744e-12,1.0208053988080837e-11,1.5155478242383852e-05,5
3.0063323772602723e-10,2.937398630442435e-11,7.0898698671954765e-12,1.392313608560496e-11,2.7657929158257516e-05,5
2.4546014510195164e-10,3.255424739523494e-11,5.564609102868785e-12,1.5871720552268516e-11,2.398185476578175e-05,5
2.3487769563072965e-10,1.9441739273245873e-11,3.673158157683788e-12,1.269188929072829e-11,2.2846321544437402e-05,5
3.5660426657228155e-10,2.9065948823605968e-11,8.51798722580878e-12,1.7129099248071676e-11,2.9966531753449623e-05,5
3.5612906495961705e-10,3.224180112245112e-11,7.78299714837523e-12,2.0263715371752495e-11,2.969391629831208e-05,5
4.082092726085248e-10,3.369034217776801e-11,8.771499971147107e-12,1.8329415148741192e-11,2.8766518856757217e-05,5
3.030650096688021e-10,3.139981626788218e-11,5.853223037038822e-12,1.3609170409471961e-11,2.5008508167723516e-05,5
6.427908832026379e-10,4.0395689625864184e-11,9.176495498947095e-12,4.2220089641349735e-11,3.949349968786915e-05,5
5.458530615061489e-10,4.0406624114449035e-11,9.729080430476325e-12,3.015827991730803e-11,3.3315469138977044e-05,5
5.232042686095481e-10,4.896539038889196e-11,7.219173186877358e-12,1.4922272898409486e-11,2.9850894720173347e-05,5
4.056728413293785e-10,2.6477186362933368e-11,7.686810302936716e-12,1.473476948807983e-11,3.0575196392950206e-05,5
4.112701374249124e-10,2.5649543022083575e-11,5.399176865347176e-12,1.1821278931783605e-11,3.2904887007450714e-05,5
2.494089548228153e-10,3.75425948053443e-11,6.548838985474591e-12,1.108725338182589e-11,2.301742268818718e-05,5
3.5472780325028834e-10,2.8541871117442877e-11,6.449562943502367e-12,1.2952860667125285e-11,2.9564498550563805e-05,5
4.3707372584778415e-10,3.844621387584468e-11,6.638436084016291e-12,1.3156410959268514e-11,2.983166104577846e-05,5
3.0450938850093463e-10,3.640517140403356e-11,8.192635164764034e-12,1.790137321936906e-11,2.4848387933022314e-05,5
2.492984873043976e-10,2.7261207839458225e-11,5.5974849270930175e-12,9.816814413427604e-12,2.430154127827733e-05,5
6.154439345091157e-10,4.977048077720419e-11,1.1178116395614882e-11,2.194522514131729e-11,3.5090577336009394e-05,5
4.70908655710354e-10,6.2065029556588e-11,8.381596747334668e-12,2.1135651147518713e-11,2.930122748619573e-05,5
3.473638349811113e-10,3.587068696228605e-11,1.1170003508663616e-11,2.7629952724481736e-11,3.037347228897494e-05,5
5.877583210014005e-10,5.1870005785636624e-11,5.791206659873807e-12,8.648090219487952e-12,4.110625053397038e-05,5
2.3028988445121668e-10,1.794604885142394e-11,2.9695524874962795e-12,6.392599227033675e-12,2.3340807032433814e-05,5
3.5891127874273057e-10,2.1902129030957526e-11,5.233933804850967e-12,1.0013586043864236e-11,3.0149004440318358e-05,5
4.0142995472676263e-10,2.9422128066328267e-11,5.3808173563373394e-12,1.0461269661316982e-11,3.269769277293686e-05,5
1.305112858173809e-10,2.4264271831495825e-11,4.380348534681585e-12,7.848189138768449e-12,1.8926286850959616e-05,5
4.113925010299234e-10,2.813689710113001e-11,4.88493253195404e-12,1.1490677229090014e-11,2.9637202683230626e-05,5
3.2426923575003135e-10,3.8892518736140385e-11,7.676870737626293e-12,1.3173231871104282e-11,2.3929494967719735e-05,5
3.828054095104658e-10,3.59428878981149e-11,6.75820654104473e-12,1.629061805993438e-11,2.919360425369563e-05,5
2.907439829391871e-10,2.459979612483718e-11,6.107623544706807e-12,1.4718032572329807e-11,2.764308456307241e-05,5
2.417531689270733e-10,1.959925548627213e-11,4.734686169192007e-12,1.0588138188714258e-11,2.1668997083363855e-05,5
1.9087146141282185e-10,1.9757401648021942e-11,4.292409310907598e-12,1.604209217951735e-11,2.0402338048857708e-05,5
2.524249914334497e-10,2.7820772976900653e-11,7.46677163178925e-12,1.3537945769513002e-11,2.356730419866416e-05,5
2.993956502321156e-10,2.1626568831956918e-11,6.490061020815833e-12,9.3249055326943e-12,2.144698986344454e-05,5
8.844321213656893e-11,1.123630555488065e-11,3.5651810183800135e-12,7.766522468832888e-12,1.4471466731375544e-05,5
1.1464450309930183e-10,1.7195513894749408e-11,3.4701630890710712e-12,1.350261232919208e-11,1.720460786255775e-05,5
2.2810738534987246e-10,2.0738874503435004e-11,5.751876538541074e-12,1.393460247570575e-11,2.2262300414848862e-05,5
3.3113564058458123e-10,2.917234182986644e-11,7.306325306432798e-12,1.6474678014595442e-11,2.5336066993886536e-05,5
1.536743376027174e-10,1.2570608497090422e-11,4.010304860775768e-12,9.477395002819789e-12,1.9182823619530707e-05,5
5.270177918253746e-10,6.008502930584286e-11,8.836218463372095e-12,1.7015950436692315e-11,3.132658405866408e-05,5
4.2581299221209384e-10,2.8405526866481965e-11,6.28996182008623e-12,1.6251108106769028e-11,2.711913951745953e-05,5
3.77625279606111e-10,4.1644963753022966e-11,9.594752383293643e-12,3.4736056234752946e-11,2.5814356844959757e-05,5
2.918247879300805e-10,2.4668043851698516e-11,7.567408395774428e-12,1.161949167400821e-11,2.5739307040707853e-05,5
5.887048296570257e-10,4.352499947138706e-11,7.46373078685244e-12,1.7730681513539805e-11,3.613214482235428e-05,5
3.009425859427444e-10,3.482161903857973e-11,7.094996581294876e-12,1.5538162143465592e-11,2.8438837457195826e-05,5
4.229568758537294e-10,3.9161331490296835e-11,8.493594110734334e-12,1.577206813252187e-11,3.076009039958338e-05,5
2.7605032993068187e-10,3.035137184961352e-11,6.58209773743372e-12,1.7751359371715098e-11,2.6450850610374362e-05,5
3.3274290409411656e-10,3.444732759165032e-11,7.103094290769818e-12,1.3237954996182802e-11,2.762742170099389e-05,5
3.705800645782336e-10,2.1480114104521558e-11,5.499927902006125e-12,1.044951196979375e-11,2.8514125410926244e-05,5
3.629956327378872e-10,3.6677305579661876e-11,7.986863904507682e-12,1.4421819821794072e-11,3.111318215099878e-05,5
2.603000611558764e-10,2.843941193165584e-11,5.9266655551496065e-12,1.3623759747061322e-11,2.6261432471770728e-05,5
3.775591284079851e-10,2.913647970206285e-11,5.863496152504419e-12,1.365412481340694e-11,2.8911311560588836e-05,5
1.473496809724089e-10,2.3827093465165527e-11,4.923826539291803e-12,1.4139438088763522e-11,2.0374755455333373e-05,5
2.628075422938483e-10,3.15452955724678e-11,4.877604759844159e-12,1.511415507241099e-11,2.438207426561245e-05,5
8.78160936505883e-11,1.6299804700461782e-11,4.795370021386621e-12,1.3468842122459049e-11,1.66551890688119e-05,5
4.050462313636901e-10,3.747075192280232e-11,8.540530760072289e-12,1.7134060777016833e-11,3.255616126303542e-05,5
3.178946524693071e-10,3.418634925282177e-11,1.1273201657194924e-11,2.8161775608905663e-11,2.50255251487131e-05,5
3.196634576850147e-10,3.2067179026799274e-11,6.157293805875901e-12,1.3827291316875245e-11,2.593615004827798e-05,5
2.0854461460509893e-10,2.4285322052632302e-11,6.5699387366745814e-12,1.843228185170218e-11,2.3285182159506295e-05,5
3.974731824086706e-10,2.5010538403132982e-11,6.680922362477334e-12,1.3475555822130834e-11,2.862151972919801e-05,5
1.9469153419681144e-10,2.4074617367407362e-11,7.277587558499022e-12,2.1939696545268826e-11,2.3442186410202524e-05,5
1.9873302986513934e-10,2.0823678154947413e-11,4.808770853148318e-12,1.48326714485219e-11,1.9866443789019753e-05,5
1.8191584493291113e-10,1.9423187862340616e-11,6.001677970658171e-12,1.5682946410962336e-11,2.131683075528793e-05,5
1.9367673374615767e-10,2.253206359227783e-11,7.369635344452926e-12,1.542622388102588e-11,2.1058835772182148e-05,5
2.495292247244371e-10,2.315722835633794e-11,5.723140036087922e-12,1.7966592899457083e-11,2.602988962555067e-05,5
1.7760244321202033e-10,2.0110521874266343e-11,4.138693331716253e-12,1.344721209988212e-11,1.746745303773238e-05,5
3.371734748550674e-10,2.8055743572879963e-11,8.824401739377267e-12,2.045674536107224e-11,2.5585349538898246e-05,5
1.9153675111430924e-10,2.1206688449334145e-11,5.102278174016948e-12,1.4324177634941611e-11,2.0164511999318155e-05,5
2.4880565456099506e-10,2.5781423198344613e-11,6.421190973101838e-12,1.4056601544060212e-11,2.463889610309333e-05,5
1.9910348088888026e-10,4.020982145808168e-11,7.083297859605404e-12,1.468651687056514e-11,1.862115970736098e-05,5
4.1354390017348754e-10,4.699240523195887e-11,1.1828468382436685e-11,2.586285982544116e-11,3.0274716044888457e-05,5
5.474649840547139e-10,3.226454376906775e-11,7.449220068072318e-12,1.89425637405663e-11,3.2736442811133416e-05,5
4.7211189205282e-10,4.1624302359198233e-11,8.485555895743456e-12,1.731211433351325e-11,3.1306817941116396e-05,5
4.3047957910900317e-10,3.775417699238258e-11,1.3367123185887625e-11,3.348075327777235e-11,3.1045264294747124e-05,5
3.984173267145011e-10,4.7447507948347816e-11,9.193222383986682e-12,2.4828476163590287e-11,3.0970963458030767e-05,5
2.12809429342686e-10,1.2731582218213181e-11,4.256929966467641e-12,1.0277897973599155e-11,1.9286309663674888e-05,5
1.413340758329211e-10,1.7006004333338256e-11,4.802009029439793e-12,1.1072661142481734e-11,1.769860428023172e-05,5
4.992036357416126e-10,3.803296509600434e-11,1.128830053389707e-11,2.7860685421122357e-11,3.5719220320747447e-05,5
4.783257101653988e-10,4.57864850802979e-11,1.3950323055884723e-11,2.7414396363057277e-11,3.0926291175336936e-05,5
5.493910375509907e-10,5.818782644350663e-11,1.1923927607364945e-11,2.3388151238467984e-11,3.1903422403006876e-05,5
3.9873311886384873e-10,2.48840673609054e-11,4.099128363007776e-12,9.361477048215132e-12,2.9821939431542768e-05,5
1.774505774554553e-10,1.9684583251876312e-11,4.266266141157274e-12,6.8046735460646155e-12,1.8342286257330582e-05,5
4.3981706018161125e-10,2.3034330968657916e-11,5.598558463150663e-12,1.1328710647282132e-11,3.069400649564104e-05,5
2.0372963502409288e-10,2.0175386233051408e-11,4.397661557121165e-12,1.1350748467391421e-11,2.09099514915089e-05,5
3.63900883688694e-10,2.7993932353399036e-11,6.528151691855716e-12,1.2561726571484045e-11,2.557405478438659e-05,5
5.522762221621445e-10,4.096719041407822e-11,9.842793370287629e-12,2.53601326157391e-11,3.515197793320748e-05,5
4.5626225000298677e-10,2.8826277389547845e-11,9.809413758967701e-12,2.6495843870574033e-11,3.3007791150723795e-05,5
3.522189438684003e-10,3.2243071445119263e-11,7.58984342608889e-12,2.406825663522351e-11,2.883682063905844e-05,5
4.027026066196977e-10,3.9935152036310017e-11,1.1254663324133597e-11,2.9780331300440454e-11,2.981189711646586e-05,5
5.513595927174834e-10,4.4650257851006505e-11,1.1394987064921489e-11,2.7482895677368768e-11,3.316784123066556e-05,5
3.404125431136971e-10,4.197980641922647e-11,8.722974582979686e-12,1.6209491229309696e-11,2.95259117850056e-05,5
4.754506192108684e-10,3.904777517707242e-11,6.563515961210088e-12,1.3973830713903196e-11,2.98570827815712e-05,5
2.9823551720296537e-10,2.0789794773136852e-11,3.8398140906157974e-12,9.490021105805443e-12,2.536108980121223e-05,5
9.165116229244498e-11,1.3137962856390937e-11,4.551019459980563e-12,1.5522625196410355e-11,1.495229802072218e-05,5
2.735523262921302e-10,3.3191263736590205e-11,8.491149192203747e-12,2.1880850605513847e-11,2.5222694357938382e-05,5
3.0413638205577e-10,2.693961983808908e-11,5.4958522095009144e-12,1.569229728428167e-11,2.4884054071219166e-05,5
1.8975067704477765e-10,1.7156090848533418e-11,4.566822857670569e-12,1.0420588067568649e-11,2.168814665971085e-05,5
1.5245842312485654e-10,1.7774517088047615e-11,4.886858259710673e-12,9.693430705153263e-12,1.746263575362532e-05,5
2.9218748787882776e-10,2.2830285937085693e-11,6.285705257343357e-12,1.1888925938227505e-11,2.3909664909248975e-05,5
3.3924085244007147e-10,3.505491667211704e-11,8.22067152085453e-12,2.1115301144486522e-11,2.8561629023428047e-05,5
2.669623958261696e-10,2.2776041128798558e-11,5.902200292093302e-12,1.77709288514859e-11,2.3704256138433277e-05,5
2.9852740203730397e-10,2.4133941144152367e-11,6.46884213645634e-12,1.5318289816050322e-11,2.8489580739360942e-05,5
2.9688164319005603e-10,2.3089958259652068e-11,5.169369704457776e-12,1.7084503557919813e-11,2.3781794459152224e-05,5
2.1496617459960685e-10,2.2769680696714124e-11,7.589761409499429e-12,1.6132599868831287e-11,2.184188176068604e-05,5
8.788759006258809e-11,1.7179010256789096e-11,3.5200825055399362e-12,1.2240687484177405e-11,1.4976094887434976e-05,5
2.1368945858430547e-10,1.3704649731492297e-11,4.412398437191605e-12,1.465339798819796e-11,1.976660874032343e-05,5
1.1258012046997062e-10,1.8758213197627088e-11,4.1930521706017965e-12,1.4744578450666744e-11,1.6905580423154782e-05,5
2.5774761080591873e-10,1.7486780407643745e-11,3.4351728958697283e-12,1.2378853503144738e-11,2.255360554086241e-05,5
3.202777981026688e-10,2.5891122813959173e-11,6.135920307559013e-12,1.4211717079777073e-11,2.7189163971751453e-05,5
2.4159741206662434e-10,3.5031776603968753e-11,7.952055608126589e-12,2.557556587979749e-11,2.4975835354543155e-05,5
4.184174524860844e-10,3.164159397590133e-11,8.059416874112132e-12,3.18245771754927e-11,3.260651090591095e-05,5
4.3429470143238576e-10,3.445031165262798e-11,9.423540779748486e-12,2.1912868552296152e-11,3.126479700592969e-05,5
2.739330711645498e-10,2.829010574786629e-11,1.0583102099710612e-11,2.2508759707333725e-11,2.4695734707905398e-05,5
3.834130758884281e-10,3.7854807543739925e-11,8.960123943212015e-12,2.0933083004213055e-11,2.6999831249740072e-05,5
9.229967378221331e-11,1.4448311091735823e-11,3.541234416227756e-12,1.1701280305113706e-11,1.5436190385582925e-05,5
3.5409857529579276e-10,2.5002574203438426e-11,6.585934712353387e-12,1.5858260548725227e-11,2.3653355712264567e-05,5
8.612426911728795e-11,9.658977771578601e-12,3.509222003570867e-12,1.3499127883268365e-11,1.3656364826660233e-05,5
1.6873775605302825e-10,1.0917297096239774e-11,4.2542457838665974e-12,1.3103480880838647e-11,1.6154898512182007e-05,5
1.280216909883314e-10,1.262336954989458e-11,2.7718717208446596e-12,1.218556753000025e-11,1.4464636066383269e-05,5
1.4345015238141338e-10,1.7648105272889524e-11,3.2915741525014364e-12,1.1325151999380278e-11,1.899618165680975e-05,5
6.069695046813593e-10,3.968268343407523e-11,1.1142884168456657e-11,1.949735495313404e-11,3.515581191323992e-05,5
3.7827124233484055e-10,3.512376446639888e-11,9.697130293035065e-12,1.857708157934682e-11,2.6985452411091337e-05,5
3.3264507446479725e-10,3.3568751441205766e-11,5.507691843598024e-12,1.702710907737859e-11,2.6101742799871294e-05,5
2.426648557484158e-10,1.7295962108640686e-11,5.00096616563807e-12,1.1206452118321685e-11,1.9810743879210063e-05,5
1.3365079947252005e-10,1.9640358403914587e-11,5.065752264133093e-12,1.2945590884454185e-11,1.9079933635363344e-05,5
3.15073719445758e-10,3.829012856505754e-11,6.75792289852918e-12,1.7712978739244586e-11,2.7854703093644416e-05,5
2.3656299032157395e-10,2.6130099771931465e-11,6.098003792014142e-12,1.399148137999351e-11,2.5059880365456955e-05,5
3.3422945575293985e-10,3.886679242349803e-11,9.363087128411369e-12,2.1401858278312893e-11,3.018548565341216e-05,5
2.895550634938309e-10,3.475086091253959e-11,9.548621347806665e-12,2.451658781889461e-11,2.652925695501714e-05,5
4.99778872716006e-10,4.29853722076235e-11,9.022625717518547e-12,2.1411614823568025e-11,3.0425919728871233e-05,5
2.1015315099158738e-10,1.8390054339093095e-11,5.491107119498485e-12,1.522976798242651e-11,2.5173761145277622e-05,5
2.1170535014513825e-10,1.987695016611906e-11,6.787205290394156e-12,2.1164889859711935e-11,2.5766139050800883e-05,5
3.861135996627528e-10,2.6961631156434437e-11,7.568128080536989e-12,1.848219833336873e-11,3.108858946379641e-05,5
3.504821504295101e-10,2.971073495428941e-11,7.283816256588255e-12,1.5368286271549133e-11,2.778487975531056e-05,5
2.1093845232121368e-10,2.0472397241341643e-11,4.562022259855685e-12,1.1299813155521236e-11,2.3695153181553768e-05,5
2.3274336472896025e-10,2.19709050579021e-11,6.105433790042161e-12,1.467157481054481e-11,2.385925422832958e-05,5
2.653442380191816e-10,2.4415859184811234e-11,5.3003576606028925e-12,1.4370589758632626e-11,2.3566392960282377e-05,5
1.8206544257346154e-10,2.4682249586751464e-11,4.567779223372761e-12,1.524292728847984e-11,1.9218141071880683e-05,5
1.1437762208175146e-10,1.3839089852806892e-11,2.738021320932137e-12,5.180110476159868e-12,1.2236246564111233e-05,5
2.611780243668815e-10,1.5975578104772402e-11,3.858527307889957e-12,7.592228793396385e-12,2.190421232877731e-05,5
3.282911459634506e-10,3.3131436063946426e-11,6.857088063094494e-12,1.3408731724157104e-11,2.6568398718548135e-05,5
2.581657124093313e-10,3.610001860429784e-11,6.973320165548894e-12,1.6901110371767094e-11,2.6471441645087185e-05,5
3.6608877141949836e-10,3.393954556220787e-11,8.03526244323023e-12,1.7938438611465426e-11,2.9177473810615927e-05,5
2.981118029609442e-10,3.545860039302948e-11,5.715951855783065e-12,1.866946924682395e-11,2.5039774680126734e-05,5
2.1040313812342678e-10,2.8401907456019068e-11,5.624513550214412e-12,1.2401866606480069e-11,2.2480550408169585e-05,5
1.7435293619435078e-10,1.5708621387525967e-11,4.328327430014365e-12,1.1920801008542043e-11,1.913380440341778e-05,5
7.875007598791435e-11,1.258318482766526e-11,2.761532351168545e-12,7.083691239688514e-12,1.238861984655527e-05,5
2.1293176397385044e-10,1.694013886982239e-11,3.963267323646289e-12,9.975344092536456e-12,2.0751279884515803e-05,5
2.2660359137068756e-10,1.772893811473787e-11,5.301065784066378e-12,1.866784021442133e-11,2.1345005910552765e-05,5
2.394187725055385e-10,2.3773197010570172e-11,5.061754127691453e-12,1.4511657105706813e-11,2.2028925726250345e-05,5
5.210221902627301e-11,1.2567769596602433e-11,3.0680673185273807e-12,9.087299422664658e-12,1.0541849626459197e-05,5
1.5505260023541284e-10,1.5966517139578337e-11,3.41053232848281e-12,1.0863490304280261e-11,1.612873940556941e-05,5
2.3968170892733127e-10,2.824066410860166e-11,5.047594061625515e-12,1.3898753872407256e-11,2.1152011778018004e-05,5
1.4150040479556567e-10,1.8927201104081764e-11,5.636089788844463e-12,1.639352539330309e-11,1.8382943810302913e-05,5
2.1216121553517924e-10,3.794881445026457e-11,1.1132601878985148e-11,1.8894916160159298e-11,2.3850790004847195e-05,5
4.2490951597305184e-10,4.367571548296463e-11,6.969868873234405e-12,1.5740864725403602e-11,2.9829101608622143e-05,5
7.26212399133384e-11,1.4192452838978192e-11,3.709928809255585e-12,8.693487629699162e-12,1.2537934653146444e-05,5
9.191267468538958e-11,1.1677566207641613e-11,3.790139161498296e-12,9.839775271933401e-12,1.3519116451048396e-05,5
1.0426471779931917e-10,1.4435787288213888e-11,4.397221549451758e-12,1.0013338942177648e-11,1.8082799596670872e-05,5
2.260481904067966e-10,1.6274462268257047e-11,5.393629824311261e-12,1.1341713265167402e-11,2.2528199711148743e-05,5
2.2722530015984702e-10,2.936122558077689e-11,6.88337922913133e-12,1.4420127949671688e-11,2.2785282521878494e-05,5
9.381910272583984e-11,9.044766434897445e-12,3.6001960246868977e-12,8.49609207900929e-12,1.3551503209449217e-05,5
1.4867055144290624e-10,1.7716628011805295e-11,4.898535706951187e-12,1.0397407492013483e-11,2.085894751124791e-05,5
4.046694313227612e-10,3.110059361469329e-11,8.920283426493521e-12,2.5267084400011452e-11,3.035926965926415e-05,5
2.162023989019051e-10,2.3253500380285157e-11,5.4710243405160535e-12,1.2949435831523163e-11,2.2291677336146525e-05,5
3.3821049939325275e-10,2.9922553472772784e-11,6.787674542772036e-12,1.394138471183536e-11,2.344609986558577e-05,5
1.8536789921326933e-10,1.837768896988246e-11,3.1695148765211366e-12,9.809984568470945e-12,2.4345381317010778e-05,5
1.597108872272407e-10,2.1221625393819242e-11,3.3897919421409232e-12,8.585806649476536e-12,1.656477783226735e-05,5
1.4550661980284676e-10,2.4256556983401304e-11,4.103831514074131e-12,9.648018200301588e-12,1.7027510509540523e-05,5
1.4362357638941436e-10,1.657523942496454e-11,3.976390205345352e-12,1.0245354844980922e-11,1.8454907483179747e-05,5
9.939171637963523e-11,9.817346809172258e-12,4.1674642733496585e-12,9.487726433381481e-12,1.3621836037250878e-05,5
1.5334710150616543e-10,1.8363493168477024e-11,4.921805426570953e-12,1.890694757771486e-11,2.2281287131978996e-05,5
2.803441933697265e-10,2.864834701537778e-11,6.705184089414076e-12,1.5877116094506303e-11,2.7764732580253923e-05,5
3.9781315215597566e-10,3.8694312217594344e-11,8.235035453789847e-12,1.7331759267718318e-11,2.985885483369412e-05,5
1.626390215951626e-10,1.3815598282678899e-11,4.540706663950359e-12,1.4927669313932293e-11,2.2913965267114732e-05,5
5.244246864295331e-10,4.1113866669526666e-11,9.760863257404069e-12,1.961316802844676e-11,3.3436210023308935e-05,5
3.5197239959328523e-10,5.324415721353248e-11,8.517736633630965e-12,2.375538678147374e-11,3.0373910475348152e-05,5
3.12352873998174e-10,3.216773863134343e-11,7.941983988749625e-12,1.9817294706753666e-11,2.8535668747197427e-05,5
3.001323484360558e-10,2.80666829284841e-11,6.64363791619895e-12,1.728751779296693e-11,2.585691214938573e-05,5
3.2570066271713773e-10,3.684185936220308e-11,6.7649273886024145e-12,1.8371691255010504e-11,2.569415038809364e-05,5
3.5437582152982863e-10,3.31601003656599e-11,6.6322697412298965e-12,1.554090756015392e-11,2.8804573756954546e-05,5
5.182142137519721e-10,3.887861751351836e-11,8.006785937648031e-12,1.2705567408991205e-11,3.600703118735706e-05,5
3.2168537342209495e-10,3.145859658454439e-11,6.84722965409656e-12,1.5547363059319423e-11,2.9572322487092386e-05,5
3.0028271883243156e-10,5.154477216843218e-11,8.474222079978337e-12,1.4577954896971642e-11,2.95601339402492e-05,5
2.860577054575987e-10,2.9118659691668447e-11,7.25857505814476e-12,1.3630048261341683e-11,2.6807543905859963e-05,5
2.2247931945470407e-10,1.998234697630694e-11,6.133076862935266e-12,1.4400086621931451e-11,2.2776887149828273e-05,5
3.193530740730762e-10,3.7793961064697045e-11,9.439190634428653e-12,1.9636975977947238e-11,2.68465811866373e-05,5
1.824175397446176e-10,2.247406768092512e-11,5.5383397395528e-12,1.386537347000811e-11,2.5207422646417848e-05,5
1.7115371459239334e-10,2.518535163400464e-11,6.510364909591082e-12,1.4959257210219484e-11,2.3111451152104058e-05,5
1.164747999308616e-10,2.180307343260382e-11,4.842883174529878e-12,1.3099101329361671e-11,2.1307036585398164e-05,5
1.8245079994088724e-10,2.5035238842699648e-11,6.131662050484404e-12,1.3071871613630584e-11,2.1977188090215525e-05,5
2.5717436010239667e-10,2.6502655673732725e-11,6.228715072215555e-12,1.2553405036470358e-11,2.4529263101338793e-05,5
2.1883718430762368e-10,2.9458033862089e-11,6.985586421615313e-12,1.8011836384968598e-11,2.4384299126801774e-05,5
3.1102030019965097e-10,2.812127591434722e-11,6.916607839236247e-12,1.9163858007690814e-11,2.7280707959665633e-05,5
2.6778275567029624e-10,2.694530782845966e-11,7.17376737284155e-12,1.6246578989462664e-11,2.3004196220751543e-05,5
2.6092577150655684e-10,5.136341956786638e-11,7.964984459445056e-12,1.4532158333250476e-11,2.6389814603186647e-05,5
2.29485876723141e-10,4.101623377464552e-11,6.843953371936026e-12,1.4006388458905536e-11,2.2765916424101887e-05,5
1.4139197433063444e-10,1.3833376543358289e-11,4.4067163772842604e-12,1.0826342678059315e-11,2.0397051235314112e-05,5
2.4449728531500903e-10,2.935076348783706e-11,7.991411068630649e-12,2.2197319742048795e-11,2.4595869080941382e-05,5
1.806074025102297e-10,2.2629406490240206e-11,6.541139071803033e-12,1.618239317406243e-11,2.1451932332097357e-05,5
1.7564127980145555e-10,1.650302672211625e-11,4.9820990278272914e-12,1.1607132536376482e-11,1.8213550314046445e-05,5
3.2723106028798576e-10,3.856376861809266e-11,8.999440947209715e-12,2.250914441835776e-11,2.5321815121008675e-05,5
3.551276041577872e-10,3.026957403319744e-11,9.502640389817192e-12,1.92648127580686e-11,2.5802159487198162e-05,5
2.8679994353870867e-10,2.8235880631303388e-11,1.1273779198116691e-11,2.1304777155376677e-11,2.6871980501732568e-05,5
2.373685195121238e-10,3.342539975036061e-11,7.339910940949021e-12,1.687618129679583e-11,2.4775582627235546e-05,5
1.3620345355036175e-10,1.72294244924827e-11,4.18777225701766e-12,1.3813387841609084e-11,1.93824335935221e-05,5
2.3208835425760673e-10,2.3570475047074324e-11,6.0202549077073466e-12,1.534875326976687e-11,2.1561931252711872e-05,5
1.5786667641760876e-10,2.0180468551408878e-11,5.755042097762212e-12,1.7301359163811366e-11,1.7263558311688748e-05,5
2.4526732094377676e-10,2.148263765986976e-11,5.900279676486213e-12,2.007666969706166e-11,2.4979924882934188e-05,5
2.073407979277376e-10,2.3246507194236513e-11,5.527728238884127e-12,1.902111343320929e-11,2.138092514456365e-05,5
2.991721320841714e-10,2.9405078215945374e-11,6.5933806760264454e-12,1.3587075005989088e-11,2.634109495415729e-05,5
2.1413680100355176e-10,3.0086923274462777e-11,5.67255151437699e-12,1.2094090205812803e-11,2.119480061379246e-05,5
2.8706951583853944e-10,3.5666308073772755e-11,6.866750763606138e-12,1.402695028840789e-11,2.486315918839283e-05,5
2.5205060080375016e-10,3.889419099128159e-11,7.32356768884986e-12,1.533200999100959e-11,2.4540602155421302e-05,5
3.131980283461489e-10,4.700405723053839e-11,8.282109309642888e-12,1.50554125972111e-11,3.037103112488467e-05,5
4.052203121693132e-10,4.137625572348049e-11,1.0133704710127207e-11,2.588382173615941e-11,3.061413599241312e-05,5
3.9495420152953953e-10,3.811217974222749e-11,8.522644458103376e-12,1.852822080045033e-11,2.9980666299620154e-05,5
2.7168540116994684e-10,3.8091087867e-11,8.394435040699032e-12,1.5918036980927454e-11,2.614136371430287e-05,5
5.060247760265782e-10,5.517713065096552e-11,9.682017067152762e-12,2.2033165481444884e-11,3.7898294439290714e-05,5
3.83103776354944e-10,4.1030464038738525e-11,1.1845689260270303e-11,2.5872601746860747e-11,3.2726694878775815e-05,5
4.148501284063576e-10,4.932809526069098e-11,1.1715349740009712e-11,2.1607794398222066e-11,2.9971689288937185e-05,5
4.0587424013501225e-10,4.6053331972719244e-11,8.570432613264307e-12,2.6524609198137507e-11,2.7341146485356937e-05,5
3.098717016513107e-10,3.4379546226194294e-11,6.9778551566225356e-12,1.63383318660177e-11,2.5566407433554463e-05,5
3.715661156809346e-10,5.876035050040848e-11,7.385876390494306e-12,1.3503660006978585e-11,2.6760795679043138e-05,5
3.790832220234377e-10,4.869915811733155e-11,9.548590749362292e-12,2.1238431894513197e-11,2.7632704748820356e-05,5
6.363412523244618e-10,6.532803501062573e-11,9.594364388274338e-12,2.1586220997828408e-11,3.681234559716049e-05,5
5.682617402921934e-10,5.526307470581169e-11,1.1530939590904008e-11,2.250693653285777e-11,3.44926418890093e-05,5
2.7329634675961627e-10,2.6628561983409962e-11,6.58934659233123e-12,1.5583528777582207e-11,2.549419683000756e-05,5
1.959459503354336e-10,3.188744681617174e-11,7.340435956026124e-12,1.5076333572988034e-11,2.4176070271611948e-05,5
2.7640608689314843e-10,2.6862646536435142e-11,4.791750996805004e-12,1.381964713174314e-11,2.642811815598602e-05,5
1.3000975590113986e-10,2.29085929336005e-11,4.4749046886667024e-12,8.75896578006812e-12,1.69528712527453e-05,5
1.9689612654755798e-10,1.880398560129341e-11,4.896012341617231e-12,1.577204932692278e-11,2.058460892289693e-05,5
2.742888751500179e-10,2.6576027133438545e-11,6.716535897801428e-12,1.5445043796043018e-11,2.3134081675147327e-05,5
2.2335526098294368e-10,3.089332244977091e-11,7.0647949451627914e-12,1.5639951841769088e-11,2.4022046320001008e-05,5
2.856720048642732e-10,3.024912568870423e-11,5.940703453265767e-12,1.682661428146714e-11,2.748806339767477e-05,5
2.0269015780787668e-10,3.0564282912976677e-11,7.97686796606638e-12,1.4223243078235137e-11,2.4639377337215004e-05,5
2.89882120973709e-10,4.00394417039481e-11,7.333410050110808e-12,1.3859564949549948e-11,2.529543475127277e-05,5
2.8312823519318506e-10,2.8632364740035132e-11,6.774098469778527e-12,1.7501588607214007e-11,2.9615650631769547e-05,5
1.4389503266631416e-10,2.5167793300371664e-11,4.862127092459113e-12,9.426833807971654e-12,1.8204278370016376e-05,5
2.9029230213775073e-10,4.043203584918819e-11,7.338765126776145e-12,1.361294422519524e-11,2.4528917109737528e-05,5
3.196788561658768e-10,4.404274089651797e-11,7.906106357029673e-12,1.7538473773569217e-11,2.5752195232078473e-05,5
4.413284738447192e-10,4.491466624716092e-11,7.658277330320095e-12,1.9051875375202413e-11,2.6302024875556913e-05,5
3.795844954821267e-10,4.173113556949968e-11,9.979024241671076e-12,1.8704852898740806e-11,2.6311098732010268e-05,5
3.3321498196642414e-10,3.755082740317587e-11,7.04422038724938e-12,1.5181360098628773e-11,2.631260503474327e-05,5
1.552999770662201e-10,2.4093978972742464e-11,4.107898654752293e-12,1.128166874917173e-11,2.040080423514468e-05,5
1.9179270365841083e-10,2.186377633837612e-11,5.6406505546155476e-12,1.1937242029213823e-11,2.0362957519691695e-05,5
1.3226375981347146e-10,2.445866643316408e-11,5.6283910072822495e-12,1.4424386147819884e-11,1.641296273741435e-05,5
2.1947217965445304e-10,3.644864740916165e-11,8.236641211443495e-12,1.579485422531737e-11,2.242018999451357e-05,5
1.7280692086413302e-10,3.1914220200763794e-11,6.751365880510972e-12,1.2875592625266702e-11,2.152654709477334e-05,5
4.1027127748991897e-10,3.4235358765996e-11,9.26910666671221e-12,1.5140102323110618e-11,2.949461315049511e-05,5
2.6017266653887763e-10,2.5337478506448143e-11,6.559987568518713e-12,1.4744087924651097e-11,2.7916253057497088e-05,5
1.3658128885088753e-10,1.807723701961521e-11,3.828872374744425e-12,1.1361589208934303e-11,1.7285835441363948e-05,5
3.3599799135529223e-10,2.996999081230129e-11,6.433743737380691e-12,1.1802699182102947e-11,2.5855274723699114e-05,5
2.2187016786739085e-10,2.648797442679343e-11,6.0251255957429195e-12,1.2788060851048158e-11,2.1069442421426715e-05,5
1.3078882125722415e-10,1.9379091620279936e-11,4.549718087007036e-12,1.9521101100848245e-11,1.6207814361207215e-05,5
7.882430482331717e-11,1.2576526274431477e-11,3.8048225892435536e-12,1.5001105041771976e-11,1.1149959815768991e-05,5
2.425406585794484e-10,2.5565976265440445e-11,6.9966158964043305e-12,1.5704243166864723e-11,2.367933305943985e-05,5
2.365990544226327e-10,2.5798949556555348e-11,7.586048290711384e-12,1.429930875901013e-11,2.3827865451823336e-05,5
1.882459803072591e-10,2.5390993736232098e-11,7.088242523393739e-12,1.5597681374094072e-11,2.0220472388544002e-05,5
1.8692647966226599e-10,2.8284015517219076e-11,7.474666013153506e-12,1.826016560317903e-11,2.2828475519078173e-05,5
1.5478694441784678e-10,2.2945021817320232e-11,6.947569923946101e-12,2.1923274125753532e-11,1.844352116325959e-05,5
2.834387175321431e-10,2.6568535899860067e-11,5.917018704541695e-12,1.491964408717034e-11,2.518830452773892e-05,5
1.2773227575967035e-10,1.9339145222678975e-11,4.136015425036437e-12,1.276662222412046e-11,1.6939381644015735e-05,5
1.7168790179759544e-10,3.1205655524572134e-11,6.412578016839361e-12,1.446434077546009e-11,2.1981521917644985e-05,5
1.7613152105679795e-10,3.3967186177306433e-11,7.484638605284707e-12,3.0909805174539384e-11,2.0194837414546052e-05,5
1.5302457154984617e-10,3.668814380305373e-11,5.528371909798915e-12,1.45975062949065e-11,1.998063029203637e-05,5
2.839350023206082e-10,3.887790584574735e-11,9.529256994594162e-12,2.3479503248708033e-11,2.4728359010395418e-05,5
1.3421380780681731e-10,2.269832190539626e-11,6.871200188088431e-12,1.499487903510082e-11,1.6662502298790585e-05,5
3.1439245851499706e-10,3.06499753859722e-11,6.398621727183201e-12,1.4606962223438275e-11,2.402602176386561e-05,5
1.66414489490457e-10,2.094260935541292e-11,4.745546991221199e-12,1.433319131120677e-11,2.0050797063041043e-05,5
1.320806265508111e-10,1.7128686111375893e-11,5.30473433109185e-12,1.0885069641835142e-11,1.8532507813989025e-05,5
1.663647733410028e-10,1.9597836761288e-11,4.398340223834258e-12,1.1699891178642159e-11,1.8152224632749025e-05,5
2.840122913645747e-10,4.749350630401784e-11,8.032484308518306e-12,1.2601819083279426e-11,2.185914831512528e-05,5
1.8496136150913732e-10,1.5184168113195222e-11,4.9328298117617744e-12,1.309133269445584e-11,2.0445115733884575e-05,5
3.4474683077493957e-10,2.0251060461428438e-11,4.540572863811264e-12,1.1910056133631043e-11,2.4731181370638744e-05,5
2.4625004386573933e-10,2.1922493047275267e-11,5.894867963091963e-12,1.3479906558062096e-11,2.2122893212524844e-05,5
2.0633031106966746e-10,2.2199201738050185e-11,4.470183577444507e-12,1.1832077399358618e-11,2.373073912233845e-05,5
2.0445365381523363e-10,2.13256905425026e-11,5.113046408308506e-12,1.0927924167624579e-11,1.836522993947416e-05,5
1.0965195043820511e-10,1.4940972399100242e-11,5.7830708225645254e-12,1.094769494467556e-11,1.6664989887270228e-05,5
1.0901322824513537e-10,3.159001977849544e-11,6.1490788994723735e-12,1.1351297116307813e-11,1.729469844144884e-05,5
2.9996585251696685e-10,3.215216987212669e-11,7.154581256050926e-12,1.4105529491011553e-11,2.3462210750808196e-05,5
1.5085870052475367e-10,2.488852776364615e-11,5.1145248792223954e-12,1.1377911246556542e-11,1.872482248772727e-05,5
2.0200885386494677e-10,2.7603687770322294e-11,4.997066703489665e-12,1.5887313881299802e-11,2.1868585914753443e-05,5
3.1270941064987606e-10,3.421311389021771e-11,7.479560656560781e-12,1.5790941071789197e-11,2.2191616675536107e-05,5
2.9366898824438145e-10,2.448805416931025e-11,4.78466571045597e-12,1.062540966641487e-11,2.8885974644174177e-05,5
2.2375915181052201e-10,3.4622536015380864e-11,5.600400081530495e-12,1.3559098186596153e-11,2.2229023921295903e-05,5
1.8399445686969986e-10,2.347998284534564e-11,5.002580186733464e-12,1.170292079520422e-11,1.988497365532631e-05,5
7.70537504558191e-11,9.937718481743778e-12,3.068640715316962e-12,9.71544641434287e-12,1.3246503021151193e-05,5
7.66986043543566e-11,1.9076929343801945e-11,4.309522926425156e-12,9.919731463384966e-12,1.3383702101939406e-05,5
4.3696860753140287e-10,2.9563946501306105e-11,7.397763290128704e-12,1.4366280567589666e-11,2.9844650495858267e-05,5
2.3039870548883523e-10,2.3391264076518115e-11,5.608409383929882e-12,1.2996324422749355e-11,2.272850192124195e-05,5
1.8908193438871867e-10,2.2673012721209685e-11,5.270924872882735e-12,1.2271221774693444e-11,2.001600539928565e-05,5
2.2182033421871319e-10,4.73739888502788e-11,6.040197816926116e-12,1.3357825389661777e-11,2.314051925458355e-05,5
3.5859378095007916e-10,2.799242128796738e-11,6.57515469793623e-12,1.2691066254073697e-11,2.4326662051087086e-05,5
2.836502248226813e-10,2.963132009696358e-11,4.814504908368187e-12,1.405799238962099e-11,2.2950638828817328e-05,5
2.425778512324527e-10,2.579971931395902e-11,5.366442598754057e-12,1.3103346398561966e-11,2.6267086417502716e-05,5
1.3073261661966148e-10,1.3494886697748402e-11,4.643158517644556e-12,9.284677488376067e-12,2.0730879986916614e-05,5
2.5094796995611223e-10,2.9075684509146574e-11,8.457858900655596e-12,1.9019770080642128e-11,2.460016147475481e-05,5
2.1092483487446925e-10,1.9370824271477085e-11,4.864703184118889e-12,9.2733442131933e-12,2.147884747211186e-05,5
2.7708612144160185e-10,4.6062862769486734e-11,7.925906307737629e-12,1.279606582347381e-11,2.6190986252190808e-05,5
2.986247867400266e-10,4.128574303825689e-11,4.973472894436074e-12,1.1764655570171328e-11,2.894015666294187e-05,5
1.4387021558924e-10,2.1858002413803463e-11,3.887691627874019e-12,9.80871308725134e-12,1.800608479507276e-05,5
2.2495548586227206e-10,2.648549907278491e-11,5.331587490819171e-12,1.2016524261547686e-11,2.3756681953024755e-05,5
1.603600604487638e-10,2.1724957548669513e-11,4.1134176160024425e-12,8.916769880454197e-12,1.785378064061868e-05,5
2.3111833610786582e-10,1.933710893468348e-11,4.341947759022428e-12,1.0707106634403167e-11,2.3398826109382967e-05,5
2.166772759295603e-10,2.3807182952071102e-11,5.621945597748121e-12,1.1405001406272238e-11,2.144818465440834e-05,5
3.1880789250510596e-10,3.524542294197023e-11,6.543589232388918e-12,1.2122183786905049e-11,2.5234630107157185e-05,5
2.8211647362667687e-10,2.3977618175287965e-11,5.202566740673968e-12,1.145416226748036e-11,2.4936830523827892e-05,5
2.3871808657851365e-10,2.197814886580753e-11,4.836564655547675e-12,8.673681812407553e-12,2.203923106587995e-05,5
1.8671789421832666e-10,1.5643773071060163e-11,3.013859608598507e-12,7.95461509626049e-12,1.8146835016272394e-05,5
2.084003562198667e-10,1.855626310453563e-11,4.1588845771376285e-12,7.717755119770785e-12,2.1122343377892864e-05,5
2.897965112835455e-10,3.5553634173096713e-11,4.8591517766747715e-12,1.0585194298124312e-11,2.4566282111840634e-05,5
2.0242140665210076e-10,1.7676522779123868e-11,4.27064200437711e-12,1.0359131384346555e-11,1.9706587574056878e-05,5
1.655573539995282e-10,1.8729193336405837e-11,4.219957438470583e-12,1.1252467104253763e-11,1.8828553285531143e-05,5
1.4050725995101603e-10,2.8664516424445256e-11,7.32095151134159e-12,1.249662632942336e-11,1.8284654639213375e-05,5
1.606395192496136e-10,2.217258689478662e-11,5.109384930813198e-12,1.0732819404601625e-11,2.0983246155780196e-05,5
1.0709581042225431e-10,1.9441250758630537e-11,3.907070677548657e-12,9.806575698799543e-12,1.6084467604044654e-05,5
2.8358466851047683e-10,2.971873963918111e-11,4.690779090177979e-12,1.1094245835878789e-11,2.366316509386361e-05,5
2.596834200407655e-10,2.4180043547796218e-11,4.376060039540557e-12,1.0777920717190279e-11,2.135480028187168e-05,5
1.7115086983340885e-10,2.411238333915016e-11,4.980114944344158e-12,9.97946506249889e-12,1.860072515520484e-05,5
4.202910409645913e-10,2.982213270350092e-11,7.1172761533107055e-12,1.5432869770201252e-11,2.792704502669553e-05,5
4.523043493142746e-10,4.057609670252265e-11,8.99035745505403e-12,1.8904535030827187e-11,3.012918202502411e-05,5
3.213712424042264e-10,2.2577512623491448e-11,5.3625393698703795e-12,1.340444188687487e-11,2.5222097733835073e-05,5
3.529026714194716e-10,2.3103741748005047e-11,5.765518638257361e-12,1.3010066758046288e-11,2.4753602023093474e-05,5
2.8970775735548427e-10,3.585130922859094e-11,6.007801735998305e-12,1.2874010598484923e-11,2.452806723103978e-05,5
3.8025260529934485e-10,2.2039792316210302e-11,8.091908554590766e-12,1.2993363108200027e-11,2.862949530573115e-05,5
3.10849026868121e-10,2.6657369399125568e-11,5.993423626941254e-12,1.7949414943445085e-11,2.3394435203752955e-05,5
3.0357640147533855e-10,2.4717727264474285e-11,6.326083408980549e-12,1.4934285322537155e-11,2.245934386628689e-05,5
3.8294690240071756e-10,3.676970163839755e-11,6.22249200932607e-12,1.9425060987466808e-11,2.9977873851279116e-05,5
3.654580650229861e-10,3.147770698763476e-11,8.43785686357552e-12,1.7523188216308884e-11,2.919474511652859e-05,5
2.88045165084178e-10,2.972205526878308e-11,7.137792076228012e-12,1.700523074338297e-11,2.5902228305712697e-05,5
2.957150334811237e-10,3.234965567780997e-11,7.1070611371024424e-12,1.4945175780428514e-11,2.4440920310735033e-05,5
2.2485831911528362e-10,3.198211892275299e-11,5.935658850209798e-12,1.481913759570855e-11,2.0016033679010602e-05,5
3.091464271373495e-10,4.0690469959587494e-11,7.180833583413868e-12,1.8642352176809326e-11,2.570521241895992e-05,5
3.7040809042044514e-10,5.272265000126153e-11,7.98978947639345e-12,2.0352511264895455e-11,2.7375098116089046e-05,5
1.9151438297742916e-10,2.4944941092775704e-11,5.911118850006411e-12,1.3785165143754344e-11,2.1685388734433576e-05,5
1.9719950139392377e-10,1.988543897990107e-11,5.375615450641097e-12,1.250721978108564e-11,1.9691443641982307e-05,5
3.9035112712748925e-10,3.050547589165489e-11,4.657733276269772e-12,1.4184563602609431e-11,3.0245703333402298e-05,5
1.1920288696676376e-10,2.1219064477385523e-11,5.635252530948978e-12,1.1991653999526255e-11,1.893174257926197e-05,5
5.947430451085831e-10,4.4004635036064425e-11,9.129242550181509e-12,1.4726467399570732e-11,3.350048391461444e-05,5
4.960697028009562e-10,3.7198115278225536e-11,8.676148103328764e-12,2.25703689823692e-11,3.38137477230864e-05,5
2.9419827149709457e-10,2.318308569136294e-11,6.218095768018917e-12,1.1645910269941602e-11,2.856100897455959e-05,5
3.420943355867779e-10,2.6401237517817843e-11,9.264257267977432e-12,1.0119145268448645e-11,2.367437608151963e-05,5
1.9457685948709336e-10,1.2660813801452506e-11,7.140880299016963e-12,1.0947892116097576e-11,2.3219471341510034e-05,5
1.618846267500906e-10,2.2485008240718653e-11,5.748281712923693e-12,1.3730510995376522e-11,2.1173551187625295e-05,5
2.2189343751433445e-10,3.112720486711109e-11,8.10167549037936e-12,2.4156012004094637e-11,2.2000531081631694e-05,5
2.8375624022681624e-10,3.503801726655506e-11,6.850362044386979e-12,1.9766813526350555e-11,2.274495657590549e-05,5
2.98181589092505e-10,2.3092638970149555e-11,7.627109361101403e-12,1.2100201482420272e-11,2.776560241920515e-05,5
1.5931955186893116e-10,2.3727058625455773e-11,4.899438342408836e-12,1.1483271432810413e-11,2.152138547615684e-05,5
2.2701941114984941e-10,2.431517874661405e-11,6.359352135293965e-12,1.453884184644777e-11,2.1085175968048484e-05,5
1.1632427794417285e-10,2.142723143059326e-11,6.62963306660727e-12,1.4460308447575163e-11,1.6678727029690555e-05,5
4.549289686807875e-10,4.7734956024044264e-11,8.675768818526373e-12,1.9174122532637624e-11,3.1780953919177926e-05,5
1.6767590348219212e-10,2.288228637153767e-11,6.8924506272390755e-12,1.4246067688721535e-11,1.9868706338622493e-05,5
5.403132552248846e-10,4.9840701435555115e-11,6.903658824188048e-12,1.6775853226807347e-11,2.9479906345049376e-05,5
4.3277648663359174e-10,5.892644778975005e-11,8.401278351325319e-12,1.609042234204341e-11,2.9677618505620334e-05,5
3.8625941924392706e-10,4.240271487866664e-11,7.0986806274716255e-12,1.6221529983294223e-11,3.3156229581570394e-05,5
2.8423145942795834e-10,3.9884903253605416e-11,8.357160415437615e-12,1.8239844720392016e-11,2.773769249200078e-05,5
3.3045252635023303e-10,4.620650802967555e-11,1.2057137610663796e-11,2.1649264545946144e-11,2.684721118792412e-05,5
2.126986099525915e-10,3.848440602239045e-11,7.233914794989934e-12,1.5988893410799446e-11,2.1403182773876205e-05,5
4.0555934922531774e-10,4.166127932093148e-11,1.1322889737080867e-11,2.1881152621672542e-11,2.90206213871968e-05,5
2.5662711645847787e-10,3.333345792139143e-11,6.043953975204619e-12,1.5562553793107324e-11,2.7069876749136925e-05,5
2.6419355328869547e-10,2.1894244308693916e-11,7.196110195707203e-12,2.262432405592292e-11,2.5610449443515642e-05,5
2.4088443996855776e-10,2.61565140394342e-11,4.608663534784279e-12,1.4133313014475318e-11,2.2486058222096e-05,5
2.61127990720853e-10,3.002570985436202e-11,6.5586909853162476e-12,1.6128741287767776e-11,2.358627128904321e-05,5
2.3877784732990117e-10,2.605820983468608e-11,6.83524385224197e-12,1.666609096223878e-11,2.157640505372343e-05,5
1.9768774519017477e-10,3.507729571198309e-11,5.285909768958012e-12,1.4805648554572534e-11,1.961462819578893e-05,5
3.791794450585479e-10,3.5028179468675627e-11,8.086250459618732e-12,1.5962506255017212e-11,2.970809920905305e-05,5
3.312927597942748e-10,3.8768778534466776e-11,7.854134241954547e-12,1.59537079693446e-11,2.780554304111031e-05,5
3.4256897369186346e-10,2.9563520018116996e-11,5.907816647088995e-12,1.8161868840451844e-11,2.6582387718696593e-05,5
1.8125928504473002e-10,2.528214812416868e-11,7.460822890013718e-12,1.6110407526418878e-11,2.2323251017402556e-05,5
2.5084399040608253e-10,4.5109106661166666e-11,9.351639600216418e-12,2.2864449295361774e-11,2.427188560075565e-05,5
1.9363737972143494e-10,2.4075045719561528e-11,5.032255885783513e-12,1.2383336157335606e-11,2.186984400316096e-05,5
1.9337604948057037e-10,2.6166000557331294e-11,5.218329282294664e-12,1.0880533210889902e-11,1.8326258109517653e-05,5
2.3994612490383507e-10,1.6531713250520447e-11,4.683261473113167e-12,1.2029781676668989e-11,2.160531864206445e-05,5
1.9556393210077106e-10,1.9558136226076027e-11,5.219336259822913e-12,1.2651595852743091e-11,2.1197048110714377e-05,5
3.8313210467903197e-10,3.5577749205802615e-11,8.482620114711869e-12,1.9853725491568816e-11,2.6101734880780187e-05,5
4.015885724439786e-10,4.554781068765302e-11,9.191116927440144e-12,1.8269083329532464e-11,2.9457908882597838e-05,5
3.933252905669121e-10,5.076099534153107e-11,7.330734627101925e-12,1.5526378648927226e-11,2.614669973779535e-05,5
2.465942737797379e-10,4.212961376849536e-11,8.511622276945573e-12,1.722524687094449e-11,2.7794458456532633e-05,5
3.9902851639534773e-10,3.914951212772857e-11,8.38573618378166e-12,1.8758588102279523e-11,3.4321247677056055e-05,5
4.2899915029830356e-10,4.929460228110106e-11,1.047282817190939e-11,2.1031894805599475e-11,3.6927400428850716e-05,5
4.784485558248341e-10,4.0505016093977924e-11,9.851535210520522e-12,1.8889925384867294e-11,2.9763251290167368e-05,5
3.404897224869506e-10,3.278109455239009e-11,9.412612764057573e-12,2.404667444824009e-11,2.6463800532383124e-05,5
3.77640081765919e-10,4.642818087840404e-11,1.0857073133670416e-11,2.4687155952499535e-11,2.7711347160926264e-05,5
3.54058248288342e-10,3.002898438175336e-11,9.803249454428662e-12,2.2198296968958504e-11,2.7914549091361234e-05,5
5.053818117620742e-10,3.612589577652545e-11,9.427516951535912e-12,2.0658736674840197e-11,3.318794112792272e-05,5
3.5132119193313796e-10,3.2210619764357266e-11,7.790282166033194e-12,1.7040977633119897e-11,2.7647499466739863e-05,5
1.9953794671089805e-10,1.9783108283601128e-11,4.73017345869935e-12,1.504783363501135e-11,2.0035137306564953e-05,5
4.6002407410111367e-10,3.812468477491359e-11,8.693421220850328e-12,1.9382621097264707e-11,2.8293594982420586e-05,5
1.3241795898491704e-10,2.221095720740354e-11,8.450663451315924e-12,2.176999943238116e-11,1.9531616325655317e-05,5
2.927532573524454e-10,2.5175231164106223e-11,6.938323872403881e-12,1.48191110073497e-11,2.3765410858267398e-05,5
3.7767416239683975e-10,4.703727396710352e-11,1.030820567225089e-11,3.378342500932112e-11,2.7293053677835463e-05,5
3.7418130948722204e-10,4.037943611610175e-11,8.114362809498384e-12,2.057614438746505e-11,3.081254547684381e-05,5
3.259668350352371e-10,3.856797828164861e-11,8.383627715829684e-12,1.2932469966383286e-11,2.6919058325205767e-05,5
4.692914660167548e-10,5.873460117461434e-11,8.132032298555916e-12,1.3880147832003268e-11,3.0958911814974555e-05,5
3.5547510694307467e-10,4.025233994599097e-11,9.719750946902532e-12,1.4511063612210039e-11,2.9297879714542803e-05,5
2.894699437749815e-10,2.6825301775958065e-11,6.915957894565418e-12,1.523579487657317e-11,2.4388249756061177e-05,5
4.142634370845843e-10,3.791767034553926e-11,8.802338207324194e-12,1.955589722388429e-11,2.446628773007239e-05,5
5.156424431518274e-10,3.286490460704767e-11,7.628165995079713e-12,1.6587318368963e-11,3.2400355628208815e-05,5
4.345443167451384e-10,3.639540233369506e-11,7.718474301325347e-12,1.5079884574501892e-11,3.479698668293534e-05,5
3.4929402510669253e-10,3.9678807806309536e-11,8.626736938879591e-12,1.557111315507744e-11,2.7510019210936782e-05,5
2.7411714420446487e-10,3.101365650361602e-11,7.827014239189994e-12,1.823849963474659e-11,2.702902568647617e-05,5
3.0214713495667946e-10,2.782804837011752e-11,7.5357102308107e-12,1.4460329145771611e-11,2.8398314065345167e-05,5
2.1423016648212646e-10,2.7212221735229227e-11,9.804154825697978e-12,1.9024200202012602e-11,2.3391286432538282e-05,5
1.4928553016643861e-10,1.6860423222840928e-11,7.804185103090394e-12,2.3241104726199204e-11,2.0771696279382083e-05,5
2.6135722743169817e-10,1.849592013521941e-11,7.607223269013572e-12,2.8443982638057335e-11,2.468721998631438e-05,5
2.9366139288733755e-10,2.2732185807553575e-11,9.49557914665773e-12,2.7727356957363835e-11,2.5281881098474916e-05,5
3.2985813163886847e-10,2.996661211983802e-11,8.413544986083605e-12,1.656885335964473e-11,2.712778970424567e-05,5
4.645959027609783e-10,3.9616114053972424e-11,6.097907752784801e-12,1.4406845657501297e-11,2.897696126828398e-05,5
3.099284061756582e-10,2.411540071684119e-11,6.733395334035023e-12,2.145177947838668e-11,2.3904601514998344e-05,5
2.8713095461100884e-10,3.1133949043932104e-11,8.390851438124556e-12,1.6639053255583302e-11,2.4351073658944766e-05,5
4.1915368733105196e-10,3.1023090979491305e-11,8.910003588286216e-12,2.5633080439222592e-11,2.952760244679511e-05,5
4.47769674768747e-10,2.994781740699053e-11,8.039406553833257e-12,1.5012247977510727e-11,2.911301679438677e-05,5
3.700216718743681e-10,2.426560227335028e-11,6.631479888132479e-12,1.4436214754360783e-11,2.5973781081326852e-05,5
3.076972425761794e-10,4.161077066797399e-11,7.057730565563692e-12,1.452533154778563e-11,2.2753040053610067e-05,5
2.2043859242948528e-10,1.7770769080702256e-11,5.248875944849533e-12,1.1631623073690863e-11,2.4534626287270945e-05,5
4.1620972875303013e-10,4.082618435837432e-11,7.948195795969202e-12,1.4103664426238501e-11,2.451009181755944e-05,5
1.825030024075208e-10,1.6355760634474436e-11,3.781353143406191e-12,1.2129977668691963e-11,2.0622919132307804e-05,5
1.7545181541971976e-10,2.2964579499945007e-11,1.0030990248104538e-11,3.633301101958426e-11,2.0898202695454987e-05,5
2.1477750570963872e-10,2.552225313733749e-11,9.546081365691558e-12,3.372303144861319e-11,1.8377625926653723e-05,5
2.345659869996838e-10,2.8327410782514247e-11,7.7102101589916e-12,1.6800890632701613e-11,2.3179602442805887e-05,5
2.629209098660901e-10,2.7353356098468275e-11,4.985750861559048e-12,2.0666731912006596e-11,2.3445030243602046e-05,5
1.1975413504769008e-10,1.747033921565421e-11,5.531812150715946e-12,2.346510536084282e-11,1.897192794007132e-05,5
1.6137171433448917e-10,2.5450820568293668e-11,9.184669747885103e-12,3.211763738164304e-11,2.345191200896897e-05,5
3.75885881578898e-10,3.223529314140421e-11,9.910118770766725e-12,2.961654696367366e-11,3.08469925123459e-05,5
4.701856872554671e-10,2.6570297035275794e-11,6.428555908860592e-12,2.5258157475326005e-11,3.149400658804913e-05,5
4.2035437788084927e-10,3.5734824727716753e-11,5.298343345606062e-12,1.2776927275862881e-11,2.6070975040386063e-05,5
3.6722568037951855e-10,3.226521497735638e-11,6.860082233448941e-12,1.6061985506531308e-11,2.856249328923865e-05,5
2.5660843340653153e-10,2.4904830144704093e-11,5.283399095758978e-12,1.8149902493287835e-11,2.6594806035918e-05,5
2.3040658951100682e-10,2.258788799347161e-11,6.4443711686955345e-12,1.3636924304755934e-11,2.2883399595508532e-05,5
2.2433493787968884e-10,2.3840850626503974e-11,5.279227382915864e-12,1.5106869769691255e-11,2.1064407364181487e-05,5
2.0061635541906851e-10,2.1502234395589674e-11,5.324399843499533e-12,1.1707713163973433e-11,1.936187789335864e-05,5
3.699226227064962e-10,3.186008133118044e-11,6.485022205218863e-12,1.3354978101801031e-11,2.8895668532342695e-05,5
1.95916110966409e-10,2.4737884395136566e-11,7.542494507744402e-12,2.0513547693742025e-11,2.2936729854064452e-05,5
2.9263212539482495e-10,2.650827656241348e-11,7.811613420156226e-12,1.807160591451207e-11,2.442597471887566e-05,5
1.576220696380417e-10,1.97753985340476e-11,6.194457048479209e-12,2.104108515698055e-11,2.0172258975149007e-05,5
1.0721199263901816e-10,1.4677901207469332e-11,4.542151146211624e-12,1.4160586986373452e-11,1.4083910773410802e-05,5
2.0620739643473092e-10,2.256524631348842e-11,6.382661745132364e-12,2.0598961199255447e-11,2.022365581703551e-05,5
3.2423884327696736e-10,3.168245539435884e-11,7.997059707100776e-12,1.9388992620255592e-11,2.5633424802688506e-05,5
2.7523029461153754e-10,3.059944338978704e-11,7.266552710872016e-12,2.680841718739807e-11,2.5118975484518387e-05,5
3.1592379341268557e-10,3.724419113690266e-11,7.337753913990737e-12,1.7532395730100718e-11,2.784819188697839e-05,5
2.671565057047699e-10,2.4842387014528313e-11,5.855124926166411e-12,1.710391765736993e-11,2.4642867610690965e-05,5
2.8422624295819914e-10,2.8695407048537982e-11,1.01327129817398e-11,3.669528061063727e-11,2.484999030403352e-05,5
3.9344999600797903e-10,3.294508996194757e-11,7.325148087744679e-12,2.5282511529703695e-11,2.5090289376657828e-05,5
5.22057660932874e-10,4.4509356234199356e-11,1.1594887496515299e-11,2.7076642195291192e-11,3.768689929981778e-05,5
3.8783130754270106e-10,2.5213325388220554e-11,6.377790750203081e-12,1.762426447083539e-11,2.6489625750895883e-05,5
2.590002447737277e-10,2.8710150613025952e-11,5.782025414839508e-12,1.2166488209764927e-11,2.2135931571497382e-05,5
2.990320590516957e-10,2.7085091909954903e-11,6.410104700178408e-12,1.1363808088453998e-11,2.6903831769809394e-05,5
1.8774229775089765e-10,2.0098780462022087e-11,5.179087222432747e-12,1.0209507174848088e-11,2.0395274251064672e-05,5
3.38589046040824e-10,3.388984240481528e-11,9.363858787267065e-12,3.056043946082092e-11,2.7700544832839664e-05,5
1.8482696958685737e-10,1.724722575622083e-11,4.618581104852614e-12,1.2451896574935304e-11,2.0074272600845405e-05,5
3.381716967066085e-10,2.4702789103295446e-11,7.570501909515504e-12,1.2807422486212971e-11,3.0152428636448735e-05,5
2.053510507622537e-10,1.688566194540721e-11,5.428673858958528e-12,1.0730075505359941e-11,2.2768410170367255e-05,5
2.3591236342233734e-10,2.4750212497213834e-11,6.656368284065207e-12,1.3772855832633372e-11,2.203505334638397e-05,5
2.7255161910466863e-10,3.589950356399913e-11,5.912852068465821e-12,1.531357763516936e-11,2.3425487229349755e-05,5
2.6054331811726885e-10,2.2993499765848753e-11,5.980416599467991e-12,1.4134203735802646e-11,2.2169359067601906e-05,5
1.9079134745064924e-10,2.3663907576829575e-11,6.931392334810051e-12,1.5672005081911525e-11,2.044912760676374e-05,5
2.1466569404773585e-10,2.8938765191445366e-11,6.4342017439190185e-12,1.9094380169557247e-11,2.3569003008204984e-05,5
2.59831762291246e-10,3.709435779289024e-11,9.307547026623647e-12,2.5932463723062702e-11,2.5247859168546e-05,5
3.0070477314152816e-10,3.290335376506608e-11,6.6066175535996454e-12,1.5863345155089482e-11,2.5233579521480924e-05,5
3.330279555462157e-10,2.7867701352684242e-11,8.852600758539295e-12,1.97438134123621e-11,2.290351096800742e-05,5
1.4829437820217084e-10,2.1703938110720964e-11,6.5658953134531656e-12,1.8793807214714287e-11,2.016753402686149e-05,5
1.959344426510692e-10,1.910511102567181e-11,7.502748514470423e-12,2.3107830683144104e-11,2.276807671650256e-05,5
1.5671562969209525e-10,1.6571385702578195e-11,5.577151839368635e-12,1.3764029991024608e-11,1.920556493684762e-05,5
1.9266411423655811e-10,2.189178330422158e-11,5.915124957065754e-12,1.5657317512464555e-11,1.9340371594559733e-05,5
3.0460376158857944e-10,2.3239952610636118e-11,6.81662672071669e-12,1.578033805301192e-11,2.6579567877330928e-05,5
2.704440827984972e-10,2.6289877090669096e-11,6.601353072536659e-12,1.9323579093520267e-11,2.354663430755069e-05,5
2.9309399711034157e-10,2.5538592102227402e-11,6.136801377170446e-12,1.7593937356330013e-11,2.7589014974547088e-05,5
2.340497421499076e-10,2.1074152859877922e-11,5.631589045485173e-12,1.4705176846638806e-11,2.4235360715167118e-05,5
2.547519694841613e-10,2.433703918063904e-11,6.77596706743883e-12,2.3139002854933562e-11,2.5070282578667387e-05,5
3.607444900963167e-10,3.288793575560732e-11,8.844460296804213e-12,2.2022944148067735e-11,2.9686994653342715e-05,5
5.312052563186869e-10,4.532436889116616e-11,1.0753673606225325e-11,1.9828829449433225e-11,3.232246597840389e-05,5
3.187761622503971e-10,3.193229191113878e-11,7.97872930282351e-12,2.0839726355452727e-11,3.108961586989859e-05,5
2.652095907913494e-10,3.529907335523861e-11,6.010051610321414e-12,1.5580206715386273e-11,2.7293873814424536e-05,5
2.1861651993747494e-10,1.8589059653052997e-11,5.537716663026166e-12,1.9233348399045523e-11,2.5174995401964437e-05,5
2.5458794567306124e-10,2.6804141440746096e-11,7.0296739527347614e-12,1.3038343378759294e-11,2.6264658522602836e-05,5
1.1944047213845245e-10,1.939614978017727e-11,5.454887715612889e-12,1.1727591725489616e-11,1.9168273969286802e-05,5
1.5688734322291332e-10,1.2451942783368782e-11,4.25912758508492e-12,1.4034855354495302e-11,2.146858878406781e-05,5
2.0352818063939624e-10,2.6181418046400103e-11,5.684474847283258e-12,1.641984047552897e-11,2.678087303900185e-05,5
4.0212493050451854e-10,4.0254819716722196e-11,1.009942824907559e-11,2.326225878269348e-11,3.261943306010379e-05,5
3.1749495810386446e-10,2.911573995278069e-11,1.0373293653444272e-11,3.1762867808926594e-11,2.819975280669424e-05,5
3.2695783290804353e-10,2.7742951585924672e-11,8.981274974831371e-12,2.0441472592121815e-11,2.9892204912506882e-05,5
2.8889810317139074e-10,2.609837579350807e-11,6.8392067075046745e-12,2.138897170748274e-11,2.5563669707141186e-05,5
2.504744251636353e-10,2.6572158152130755e-11,7.917189582227642e-12,2.935086413109271e-11,2.3107829573127536e-05,5
1.98205526681103e-10,2.560458802189719e-11,5.7152244118534e-12,1.719111062162523e-11,1.9042466368728824e-05,5
3.5896682589019407e-10,3.927352360327194e-11,8.295873963018599e-12,1.7909835420376336e-11,2.6981862756802284e-05,5
1.9203627977318732e-10,2.0584606350801024e-11,4.708065800812091e-12,1.3665856160621169e-11,1.9005793064860865e-05,5
3.960572462518876e-10,4.131698586505519e-11,8.210939366261719e-12,1.5442894104195658e-11,2.4523347364594844e-05,5
2.3225980640476355e-10,1.5196552539109125e-11,5.5593368458337754e-12,1.183492613193849e-11,2.1929877746289636e-05,5
2.2000973923435281e-10,2.839013835838532e-11,7.047829068499971e-12,2.5388161365109432e-11,2.2730733576364107e-05,5
3.253612089566369e-10,2.7548977057175233e-11,1.0183594906750933e-11,2.6431511202770537e-11,2.679284534447712e-05,5
3.230984936668544e-10,2.939302215878782e-11,6.784288722695156e-12,2.3187692345928246e-11,2.961950856785076e-05,5
1.8887465339601128e-10,2.9546093602437344e-11,7.426633496035434e-12,2.264825585652776e-11,2.1024186773533773e-05,5
2.5315002110142416e-10,2.2248294170391007e-11,6.175471291937591e-12,1.4471878648681119e-11,2.237759867691911e-05,5
3.52406457113535e-10,3.8194132755897483e-11,6.8110780602012976e-12,1.8103142710952313e-11,2.3874665182078458e-05,5
5.336093785797391e-10,3.5345037103976426e-11,7.148399217117516e-12,1.4063060199017014e-11,3.264843187158881e-05,5
3.3636431408073765e-10,3.007009585616065e-11,6.001809266683189e-12,1.2449612104939902e-11,2.419038313506247e-05,5
3.8075005508513724e-10,2.8644035730098347e-11,7.24205268470691e-12,1.3563104172696375e-11,2.576271701242588e-05,5
2.0994503085027668e-10,1.8993154646170988e-11,6.2498976016478255e-12,1.70064697628685e-11,1.981809923776684e-05,5
4.602735688094227e-10,2.1716390816848145e-11,6.115634793348359e-12,2.527636736431985e-11,2.7419330212088192e-05,5
3.116041238262176e-10,1.708723968020016e-11,6.01949159371731e-12,1.6260001057893745e-11,2.4368582113581328e-05,5
3.6065753817047385e-10,2.332098179309633e-11,5.325984659711547e-12,1.3614202196891358e-11,3.310072125173207e-05,5
5.878562818427294e-10,4.4418684388022e-11,1.030447661800685e-11,2.4250723325751917e-11,3.767795114150304e-05,5
5.280825180439947e-10,4.536302194059254e-11,1.093921602193166e-11,4.352273390801434e-11,3.7742009784551525e-05,5
6.223411072295302e-10,3.3854449773137905e-11,1.0141975172933404e-11,2.3977258424230852e-11,3.633810070191606e-05,5
3.1365143617381104e-10,2.1261117533194217e-11,6.283203212406671e-12,1.7661346713904828e-11,2.4979252002633515e-05,5
4.287164264437038e-10,3.3660418063732275e-11,7.123244754716928e-12,1.3336802144218054e-11,3.108761644879508e-05,5
4.40243348878576e-10,4.5815240583491015e-11,8.051128592655027e-12,1.566840282984499e-11,2.974048970039068e-05,5
5.579200558688099e-10,3.387995691579992e-11,8.502345719329796e-12,2.0944848498645306e-11,3.243156888720995e-05,5
3.8886988487002255e-10,2.586586968636882e-11,7.540201885075234e-12,1.4148486619034033e-11,2.8840716603634276e-05,5
3.117473083015061e-10,3.2028732093442584e-11,7.468797133620345e-12,1.6834817154462793e-11,2.877670713484982e-05,5
5.643131893389923e-10,5.4414927499871917e-11,1.1901758990636276e-11,1.8419457852875653e-11,3.527735109930559e-05,5
3.901368236832864e-10,3.9010880092743555e-11,7.587578411408986e-12,2.033783443719222e-11,2.8091980360963938e-05,5
3.527457820794362e-10,3.545715902193641e-11,6.709530306443788e-12,1.3759818857050435e-11,3.1825336762523915e-05,5
1.674730555936145e-10,1.6361928233271463e-11,4.850394751814015e-12,1.1875415507908645e-11,2.1503175129602478e-05,5
2.800555551824125e-10,3.023283125625587e-11,5.175470605327284e-12,1.393265572944478e-11,2.258815385945884e-05,5
3.329457400481532e-10,3.258194908645001e-11,6.871268035678113e-12,1.5847240339216997e-11,3.0223936186819756e-05,5
4.351653515721289e-10,4.857879326409891e-11,7.464970955273615e-12,1.427720228536121e-11,2.9107005233092552e-05,5
2.8238493568413655e-10,3.559413348749118e-11,6.959377991868581e-12,1.3859788263885934e-11,2.5821705898736757e-05,5
1.2880912339159706e-10,1.596289633725227e-11,4.027283011596173e-12,1.0418007108044748e-11,1.6267812378005752e-05,5
2.095927147763475e-10,1.3941534444258912e-11,3.3480450465052863e-12,9.11613769378944e-12,2.3899646381246348e-05,5
3.1546100349665486e-10,4.0637751508915403e-11,7.364175634935627e-12,1.8055298494642675e-11,2.625466660133732e-05,5
2.9145064506921774e-10,4.097730882273604e-11,7.148087376700851e-12,1.8593376508183154e-11,2.546366023680811e-05,5
2.1122574897363243e-10,3.6921970438993404e-11,1.0440307816799027e-11,2.7865860071572715e-11,2.3647581255903282e-05,5
1.7875249820573932e-10,2.3477134618377778e-11,5.164883132857348e-12,1.290542996337135e-11,2.3224310424400523e-05,5
2.816961575930471e-10,3.790386906016462e-11,7.234921543936531e-12,1.7563316845697358e-11,2.283944022501505e-05,5
3.014284537476503e-10,3.0850745199488026e-11,6.32764539944173e-12,1.2616136688225629e-11,2.4066520888077245e-05,5
2.1752734668938393e-10,3.1114728250900235e-11,6.8019502141882056e-12,1.678502296748241e-11,2.4350574268957395e-05,5
2.6046379268721407e-10,3.977520123419779e-11,7.994531571715674e-12,1.3789637948076848e-11,2.5302444781029718e-05,5
2.3269418954841543e-10,2.891620502175827e-11,6.3897815749251e-12,1.4672644473727756e-11,2.3625387425332587e-05,5
2.3525286299919566e-10,2.2179086321103333e-11,5.839856899831996e-12,1.2378499794760076e-11,2.494574609172121e-05,5
3.0049783565279023e-10,3.211181367088459e-11,5.371238245285581e-12,1.3298532876787178e-11,2.4266006964215725e-05,5
3.3692708099678026e-10,3.3892897697969525e-11,8.824641392402938e-12,1.8946191705149204e-11,3.0038262119633222e-05,5
2.0716945882593566e-10,3.194785822902695e-11,6.795784143155693e-12,1.1609092717919515e-11,2.2949037432067865e-05,5
4.2004733860952206e-10,5.712547592209979e-11,1.0137701168404993e-11,2.1506591063174822e-11,2.85128937511328e-05,5
2.5096430459711194e-10,2.964961499893696e-11,7.548661885847727e-12,1.997518040179608e-11,2.3066414041743252e-05,5
2.859975914750042e-10,2.920804299092809e-11,4.884318670654978e-12,1.1677910610909626e-11,2.5367383787516174e-05,5
1.5941155872845795e-10,1.5046817001148547e-11,4.185887607185639e-12,1.241804408981751e-11,2.2029144806294196e-05,5
1.895191972826008e-10,1.9192012791055178e-11,4.155674672253153e-12,1.152066124363169e-11,2.1492686385757026e-05,5
2.1650357084824545e-10,2.922147274170012e-11,6.512972998205688e-12,1.2125691066525316e-11,2.2776691129078806e-05,5
3.780552502276435e-10,3.4878345042369084e-11,6.756930517853502e-12,1.3673994616214692e-11,3.085705987883165e-05,5
4.529202796878409e-10,3.8774310723164e-11,7.132357821728256e-12,1.3353534505944433e-11,3.056767544127157e-05,5
4.19532082936053e-10,3.248276665601291e-11,9.294048172183372e-12,1.5258898269450163e-11,2.65232831401574e-05,5
2.8002033034231965e-10,3.178030071719801e-11,7.054847045034615e-12,1.516584431179615e-11,2.5461405690945484e-05,5
3.2787723547738216e-10,3.545189119573045e-11,6.9921197149967034e-12,1.1455039236781215e-11,2.7257731574581357e-05,5
4.558232754722305e-10,3.416401655218115e-11,8.053805088658863e-12,2.1748166419114112e-11,3.130976747665585e-05,5
3.9660145964105686e-10,3.9904711723167314e-11,1.0717733129082226e-11,2.9762283225720944e-11,2.9380871632152892e-05,5
6.77092525110785e-10,5.7619271408287254e-11,1.2854325249362898e-11,2.4008306159453717e-11,3.772089973526106e-05,5
4.754483454553024e-10,4.7038280065595845e-11,8.528751789343436e-12,1.4872817139611858e-11,3.260692610213159e-05,5
8.267086942541592e-10,5.379752855820632e-11,1.2361264587842997e-11,3.394387021764522e-11,4.1088585117827986e-05,5
4.281952244966546e-10,3.241600903104229e-11,9.232946114349192e-12,1.900771846626583e-11,2.9545968860941188e-05,5
2.976086540634912e-10,2.181453788820832e-11,5.5555689536134716e-12,1.0316300378574673e-11,2.608547000542372e-05,5
2.5107395228938e-10,2.042422360002238e-11,7.34819214330895e-12,1.5059737650487545e-11,2.1685361095940048e-05,5
2.6347011793227593e-10,2.9954627777307024e-11,6.566412828080106e-12,1.2192591100692051e-11,2.4848581930698355e-05,5
4.4210142997811716e-10,4.079059908418487e-11,8.602748011030627e-12,1.5592305041395224e-11,3.312216441537529e-05,5
4.966174889326208e-10,5.502209350656166e-11,1.2453699531747387e-11,2.6416506915848833e-11,3.33015365032664e-05,5
2.830889096382627e-10,2.423055896902072e-11,5.377464218453884e-12,1.4439811943422893e-11,2.250220339412458e-05,5
2.0753907429927427e-10,2.5307024054485597e-11,4.98138886789041e-12,1.3924108049304849e-11,1.9077130643954673e-05,5
4.1873048277934364e-10,3.8696747158230806e-11,7.317478215819949e-12,1.8557528530501044e-11,3.1291649431318505e-05,5
4.3598132196357614e-10,6.90434624518971e-11,8.932251054698994e-12,1.924871679560735e-11,3.2286309153694664e-05,5
4.1597348033428194e-10,3.745282164686134e-11,8.75055271185842e-12,1.7002250056640788e-11,2.803186480635005e-05,5
3.180481781262884e-10,3.0554987333589337e-11,6.36775301114813e-12,1.672699016501676e-11,2.5777837661616036e-05,5
2.7091415623182785e-10,2.8017583283574298e-11,7.348854837311993e-12,1.6872621368434678e-11,2.2396713988489314e-05,5
3.4088477933287073e-10,3.022302047342641e-11,5.554387686677611e-12,1.6031037629198138e-11,2.9819639672341385e-05,5
3.8475066339670995e-10,2.9282887361441636e-11,7.267250525457422e-12,1.4287438750642577e-11,3.003779319225385e-05,5
1.98550712495e-10,2.5876519677910006e-11,6.307282681028513e-12,1.4695188154079498e-11,2.029308307026491e-05,5
4.138634992892171e-10,3.538868703255553e-11,8.112172555191728e-12,1.3956956545492456e-11,2.7740841834500677e-05,5
2.1110472607850446e-10,3.247759282710321e-11,9.018688269475432e-12,1.9352038232087806e-11,2.503313578084903e-05,5
2.96919069861525e-10,2.90682521769385e-11,7.2721967904320174e-12,1.9474530459136382e-11,3.030640033713357e-05,5
2.5338281054971235e-10,3.2936846479097925e-11,9.482778357872096e-12,2.6173681185527316e-11,2.2642976928076376e-05,5
1.8388900014514573e-10,2.097510188212913e-11,5.9315015907262245e-12,2.4340159121868938e-11,2.0477148370904427e-05,5
1.3734433017143855e-10,1.984855132821292e-11,4.951730086184962e-12,1.3322266357767696e-11,1.757632862276213e-05,5
2.320909354648028e-10,2.3285912941420834e-11,6.386687071179503e-12,1.9012053821511372e-11,2.2640844916944576e-05,5
2.3035446104317174e-10,1.8545684995155627e-11,5.093118351178632e-12,1.2559002662119488e-11,2.3532478705721203e-05,5
2.0146936815833062e-10,1.9229222593256954e-11,4.145026762174078e-12,1.2832568375457534e-11,2.230305085562391e-05,5
2.873812227441555e-10,3.139836216021352e-11,6.6028849675983506e-12,1.7932109800071825e-11,2.680413941766907e-05,5
3.2451314173227505e-10,3.400668983101746e-11,1.0329106680920192e-11,3.9636154761846483e-11,2.788195284570499e-05,5
3.9103217035398687e-10,3.16927263264834e-11,1.1577069755752699e-11,3.7937574356143875e-11,3.055454712086921e-05,5
2.5234481203987465e-10,3.407359609487718e-11,1.240204538482769e-11,4.225436811295601e-11,2.37382228697628e-05,5
4.403274533709769e-10,4.315715216058082e-11,9.725344213486882e-12,3.5915450910719205e-11,2.759358084287479e-05,5
5.715514519824776e-10,3.1838178377415706e-11,7.418802369940102e-12,1.8899867674059036e-11,3.292713957858151e-05,5
1.921224584000027e-10,1.6136848472027284e-11,5.949869166693339e-12,1.3741945140392301e-11,2.1851851694757253e-05,5
2.1555844681804745e-10,1.936132716977646e-11,5.556217830201674e-12,1.2994573357944503e-11,2.0633035600534636e-05,5
1.5354311767744443e-10,1.9903206464447315e-11,4.698541644743589e-12,1.1322592526326285e-11,1.915987926936378e-05,5
2.367536323878715e-10,2.1006049765943906e-11,5.449332148023752e-12,1.2542682601735034e-11,2.2708858081480443e-05,5
4.5770196423967114e-10,3.461875036449962e-11,1.0667889707865688e-11,3.0828226425903305e-11,3.410768891971258e-05,5
4.3258244007816467e-10,3.3393270349377524e-11,1.0391578609396664e-11,3.333321877703994e-11,2.9875400853439242e-05,5
5.11154577045698e-10,3.750090753920153e-11,9.499544767226267e-12,3.79951636172037e-11,2.9094782111741754e-05,5
3.722854345641197e-10,2.8914769880339187e-11,8.942141433833489e-12,3.4148789073728474e-11,2.680687771077212e-05,5
8.136846009864633e-10,5.058316329007621e-11,1.1473399944939763e-11,3.7095113486817914e-11,3.9114625863121445e-05,5
4.665882675594517e-10,3.941623241101808e-11,7.901097647067246e-12,1.92172518274107e-11,3.2660765825078865e-05,5
3.8271103598280996e-10,2.8677208033613914e-11,8.560907906524702e-12,2.0768427403648374e-11,2.7584827699131722e-05,5
4.180902286241813e-10,2.925695589523223e-11,8.459594307645182e-12,1.9357306954505866e-11,2.7470275199227755e-05,5
2.1564314956545714e-10,2.30320923778453e-11,8.719844616013814e-12,2.2899222423765393e-11,2.1298407548413682e-05,5
2.1431381356572423e-10,2.340589810414651e-11,7.123455842508656e-12,2.0028051816301126e-11,2.346523502505023e-05,5
1.396817290214843e-10,1.8973208405001345e-11,6.609426849148915e-12,2.1366879197163628e-11,1.799126449438845e-05,5
3.278400222025854e-10,3.119843846400325e-11,8.59511500205116e-12,2.915392279945519e-11,2.8936802248308626e-05,5
5.380362255480134e-10,4.378050299880241e-11,1.1187949194186837e-11,2.871606798080444e-11,3.572693843071243e-05,5
3.9342727425012703e-10,3.9863896770720604e-11,9.822703234195848e-12,1.9625151591534666e-11,2.9474581865199363e-05,5
3.47533257305786e-10,3.101874063782383e-11,9.379446897203449e-12,2.0412843827729767e-11,2.5330777302728025e-05,5
3.400376608188484e-10,2.1210579664527945e-11,4.185534113947782e-12,1.1290036758280513e-11,2.9483058491427893e-05,5
4.1181554908824375e-10,2.7341531422948877e-11,6.753160282589204e-12,1.5556799368142492e-11,2.805040144523611e-05,5
2.9431416173495246e-10,2.577700151077161e-11,4.973458262930532e-12,1.3138552878463809e-11,2.7577841507976715e-05,5
5.356925478456822e-10,2.9245148380088044e-11,6.795270208592908e-12,1.3918898565653827e-11,3.244936910847546e-05,5
1.6112337949842163e-10,1.3388900234830812e-11,3.639807901501231e-12,1.0178309731568045e-11,1.8796480325344803e-05,5
3.4405970495866525e-10,2.6725200387238186e-11,4.919625121486561e-12,1.1190573594525658e-11,2.5477623789635722e-05,5
3.163387117990158e-10,3.613062068848277e-11,6.458376878165188e-12,1.5244756740965768e-11,2.646818998418898e-05,5
1.906589517052629e-10,2.746093102883044e-11,6.115349770841835e-12,1.3441496344409684e-11,2.3558194341894466e-05,5
3.1080519858703733e-10,2.5149287570241897e-11,6.312068749562584e-12,1.6385837853555527e-11,2.6562047168813913e-05,5
1.4864304283019057e-10,1.7575862343471076e-11,3.84802298915043e-12,1.0604150768336204e-11,1.8099804256888698e-05,5
3.0141269047545554e-10,2.5693744414592313e-11,5.846759220894902e-12,1.3527781245051086e-11,2.6311328293473043e-05,5
4.20172650300218e-10,2.699272567271388e-11,6.027750182160304e-12,1.2940245437466217e-11,3.398087501171868e-05,5
1.4112937453555736e-10,2.0563855551626656e-11,6.017944871195954e-12,1.2090293526614003e-11,1.778527618569253e-05,5
1.9658741994734005e-10,2.5162970265261645e-11,6.646928747054874e-12,1.461278899675835e-11,1.9576294090713157e-05,5
2.0959519425832963e-10,2.4288225968909487e-11,7.113746050748082e-12,1.949503059237537e-11,2.061139160974679e-05,5
3.1608806098672574e-10,3.776195940062027e-11,8.660001879140158e-12,2.031866702074888e-11,2.5417747448983726e-05,5
2.4996393643431504e-10,2.994592411863935e-11,6.285104026614227e-12,1.631416247743641e-11,2.5781856943661007e-05,5
2.4662306458531293e-10,2.977920317049038e-11,6.665052914117332e-12,1.6374750503400917e-11,2.225796558973687e-05,5
3.1513859029357057e-10,2.850298894911031e-11,6.168556108660713e-12,2.0305469043030456e-11,2.818755289751415e-05,5
3.400441822077823e-10,3.23998089266424e-11,7.56430683848282e-12,1.3639308516094068e-11,2.9050590024854886e-05,5
3.562030712499159e-10,2.8588430403961533e-11,7.1145007049408544e-12,1.3435242072564317e-11,2.685953056331032e-05,5
3.428947689641965e-10,3.036558493154073e-11,8.082206484959643e-12,2.8687136589355848e-11,2.866227198127426e-05,5
3.5255971821488433e-10,3.3015444446448776e-11,8.863845847636746e-12,1.9840615151831695e-11,3.1886050131121896e-05,5
2.2467515777937997e-10,2.1410332769426873e-11,6.542745923217917e-12,1.2209259946549116e-11,2.2201780520355494e-05,5
2.2953919158788328e-10,3.360114820601629e-11,7.176394599395413e-12,1.614299261356201e-11,2.273637705542322e-05,5
3.9863210913661187e-10,3.246352010889843e-11,8.150141210407943e-12,1.7869553738944826e-11,3.330675575143675e-05,5
3.723432931327408e-10,3.146347041889504e-11,7.305687970197622e-12,1.5232328738814625e-11,2.8868291868469208e-05,5
1.8548968002841057e-10,2.351040657284826e-11,7.13413919917925e-12,1.3614926572456124e-11,2.2434804869151524e-05,5
2.0930024926962627e-10,2.667101620409066e-11,7.077238958376063e-12,1.3431747082045388e-11,2.57507997595692e-05,5
3.2977943767906454e-10,3.398146860269373e-11,1.1310395232192906e-11,2.8632877159962305e-11,2.9287465180224553e-05,5
3.438381995006449e-10,4.008211821063812e-11,7.0729060836083436e-12,1.5991647653023452e-11,2.7107069560605563e-05,5
3.0639756677017815e-10,3.96586962060264e-11,7.165573656125691e-12,1.81827198626489e-11,2.5157287770834387e-05,5
2.615309935766202e-10,2.794027703617133e-11,6.048974211736144e-12,1.7512192060285416e-11,2.417163624602061e-05,5
3.3805499006417e-10,3.683512291455068e-11,7.752147031245637e-12,2.417196223009737e-11,2.9614527919142105e-05,5
3.724102063832129e-10,3.954128921273265e-11,8.422763581116794e-12,1.8130209253802817e-11,3.194925780260028e-05,5
3.2416593291295964e-10,3.504687312674803e-11,6.710198396982063e-12,1.6155158823278584e-11,2.7561322406864514e-05,5
2.04488090539321e-10,2.4943331616668013e-11,6.861742111059377e-12,1.8048847784733363e-11,2.164183690056405e-05,5
2.457583149066223e-10,3.633791981494787e-11,6.597374982436673e-12,1.6297512970225977e-11,2.5295013568545035e-05,5
1.9656103556173127e-10,3.385447809246441e-11,5.558505017198979e-12,1.293311627702525e-11,2.4624979209160032e-05,5
3.5437811735124626e-10,3.348713651596528e-11,7.095144708893967e-12,1.9922867871349118e-11,2.5595759128315796e-05,5
2.0329254935436042e-10,2.467104023219246e-11,6.8523899652824615e-12,1.7334073437968216e-11,1.9135925081424822e-05,5
4.695025585637514e-10,4.129247772305375e-11,1.414203205820054e-11,4.66192307679665e-11,2.9969264211404258e-05,5
2.2935201984141168e-10,2.591309309105437e-11,5.798085342132615e-12,1.286196104976884e-11,2.2625357611165755e-05,5
2.3899018578085795e-10,3.388472100561682e-11,6.085566537305088e-12,2.0164084638333463e-11,2.227731263011029e-05,5
2.1803306518084782e-10,2.8258220475003818e-11,6.43127754825518e-12,1.8849132111895437e-11,2.0453806425477016e-05,5
3.6254982394473953e-10,3.1539311867390765e-11,9.01054575690659e-12,2.0993967735064964e-11,3.0446713153081795e-05,5
3.8222153312478823e-10,4.6122168203811e-11,7.897551542707426e-12,1.935581647632551e-11,2.8329963384686054e-05,5
3.240609755069934e-10,2.918068118076995e-11,1.0403874845404007e-11,2.0155028814850058e-11,2.5963888248690843e-05,5
3.4404770323677403e-10,2.9612303776739604e-11,5.559022134160289e-12,1.2806062692398765e-11,2.5367529613216153e-05,5
3.9516914956632857e-10,3.28093515839846e-11,7.829665761223866e-12,1.5383352822160643e-11,2.754844101992097e-05,5
3.1018580812439623e-10,4.7544759234582075e-11,9.559005391315534e-12,1.790606304680183e-11,2.5470407781245672e-05,5
2.9207901594337917e-10,4.165350375004243e-11,8.365626932820149e-12,1.9942625579494937e-11,2.7857898434332838e-05,5
4.1081009326611855e-10,3.9124391120730466e-11,6.983905458601147e-12,1.655866817099731e-11,3.369256921913669e-05,5
3.5507617220902716e-10,4.313536714092034e-11,8.037745240066715e-12,1.7021125747975645e-11,2.671010664661536e-05,5
4.5930130865636845e-10,4.618683468459271e-11,8.708939311712032e-12,2.6531010727075692e-11,3.188258554886013e-05,5
2.7599719168770283e-10,2.714541952377217e-11,6.584391753580012e-12,1.4627590597789842e-11,2.2866333844201613e-05,5
4.712552748702995e-10,3.2626141304086886e-11,7.277462407640558e-12,1.500463810627152e-11,3.0411881796474734e-05,5
2.604973486163547e-10,3.1298154521369884e-11,8.098534251395733e-12,1.2794090031331531e-11,2.3292802001058988e-05,5
3.6412711838723376e-10,3.859285690236573e-11,7.859116808910797e-12,1.5999271167650862e-11,2.9620910471908046e-05,5
2.3813917042937233e-10,2.5480031370204393e-11,6.18947036239026e-12,1.4130498883670577e-11,2.094869834536414e-05,5
2.59075257085165e-10,3.180511514968194e-11,7.025612208478346e-12,1.4910681126427777e-11,2.2748758333113115e-05,5
3.481630299863113e-10,4.2235136373597866e-11,7.357625706047208e-12,1.985883941224012e-11,2.778383555773133e-05,5
2.4367300012344603e-10,2.8017820106740445e-11,6.357401451982168e-12,1.4326897433033267e-11,2.6220428555279893e-05,5
2.7066577693476114e-10,3.24193969470897e-11,6.1899866783206775e-12,1.3391753526752859e-11,2.466977610255803e-05,5
4.672129976777712e-10,3.4114745111957944e-11,7.346685607922192e-12,1.6797627997986843e-11,3.0028005344991e-05,5
3.6213650458067893e-10,3.613856823839542e-11,8.719551381494132e-12,1.975508789139992e-11,2.6884640111877412e-05,5
1.8472871334055819e-10,1.8245763673497568e-11,4.710466978559539e-12,1.048331071948604e-11,2.4194187505099283e-05,5
1.7887130880321065e-10,2.4305107077581125e-11,4.72963486688687e-12,1.0195904127806444e-11,2.072731955059601e-05,5
2.642490161594187e-10,3.052603301821403e-11,6.778064130207208e-12,1.7904176214005852e-11,2.6562859171793353e-05,5
3.3277855690155674e-10,2.7597660565155434e-11,5.46176832874684e-12,1.7610755026806184e-11,2.7014461495656244e-05,5
2.8418365659776945e-10,2.9695853424084173e-11,6.731792509198332e-12,2.0784930985487208e-11,2.6218907614520817e-05,5
2.074043142406458e-10,2.5187284476596112e-11,5.29229658010631e-12,1.3083660699903456e-11,2.3056585083074723e-05,5
1.872822649930381e-10,3.068761914863977e-11,6.946026645679551e-12,1.2513701040398481e-11,2.031870659156813e-05,5
1.6471669123821218e-10,2.5388904652584864e-11,4.206992800386321e-12,8.840786530206919e-12,1.8135884437077322e-05,5
2.944249909107653e-10,3.570194444851823e-11,5.898861485994329e-12,1.3233571186200226e-11,2.5103030439962755e-05,5
2.209340816939489e-10,2.131802515767114e-11,7.227261424334999e-12,1.5246239223538787e-11,2.2128041373623954e-05,5
3.324062319308274e-10,3.4374937299331726e-11,6.770014357740795e-12,1.8338089054220293e-11,2.4624921601578313e-05,5
2.546907035261418e-10,2.3234693428188792e-11,5.921044162825471e-12,1.253642312515077e-11,2.1455954251678727e-05,5
3.7237633287091007e-10,4.465178628172564e-11,7.51061023599136e-12,1.3335926558657946e-11,2.9872310836771237e-05,5
3.0680156098167607e-10,3.3290191067202585e-11,6.9919561980406045e-12,1.3222455439924781e-11,2.4168294177854456e-05,5
3.3780265823421814e-10,3.49906523214952e-11,6.201976147227612e-12,1.4755682575371665e-11,2.9071214592398772e-05,5
2.8030368443809903e-10,1.9068866247213346e-11,5.045909592291157e-12,1.3191092912162144e-11,2.4910971764762755e-05,5
1.5212432659986328e-10,1.3741587023691735e-11,5.127716074613927e-12,1.134879284132713e-11,1.7472741071321667e-05,5
1.3005576744311784e-10,1.498690676085561e-11,6.500289741676189e-12,1.546940270041132e-11,2.12242323980422e-05,5
2.9602705917564415e-10,4.229239120775902e-11,8.041605590267729e-12,1.8460110978369653e-11,2.5724566097522652e-05,5
3.01592442187313e-10,3.9196636185831515e-11,7.318603167968594e-12,1.7643618729503663e-11,2.6144918356961243e-05,5
2.4998804654913967e-10,2.0009955219780235e-11,5.302059528693198e-12,1.3539123796067075e-11,2.05865440846271e-05,5
2.387851684456426e-10,2.4455541211823326e-11,7.154747325370612e-12,1.4657160773277194e-11,2.320724651894756e-05,5
2.994839531283348e-10,2.7574590978143984e-11,6.965680241866385e-12,1.850579533685475e-11,2.9992415758511315e-05,5
1.3084560339978254e-10,1.9743650603398325e-11,5.4767560471714994e-12,1.518512214038634e-11,1.8401656533534134e-05,5
1.9122408729845134e-10,2.4407218147903628e-11,5.25280764675109e-12,1.2303437756830707e-11,2.10953219772003e-05,5
2.1206337410783477e-10,1.5858058254142672e-11,5.657130251235524e-12,1.00981626931324e-11,2.522132369426547e-05,5
1.4646328452673304e-10,2.167547510501828e-11,5.7351663447341294e-12,1.4155480839596796e-11,2.060398552961491e-05,5
2.189029803014569e-10,1.9821416518106644e-11,5.206724911135926e-12,1.1616642592035225e-11,2.3912721005518223e-05,5
2.2289930242092073e-10,2.157219989730427e-11,4.192375604423207e-12,9.250006546098385e-12,2.0137998349920133e-05,5
2.05763430235634e-10,1.9548897406432227e-11,5.733382611997763e-12,1.2627820151346397e-11,1.990679977058887e-05,5
1.5620783617066157e-10,2.2258280974868245e-11,6.095173003818641e-12,1.6511426138826086e-11,2.2215901191050783e-05,5
2.1582420866825146e-10,2.626206144818157e-11,6.319851984250634e-12,1.6024956242978684e-11,2.397516828264983e-05,5
2.2862750036581891e-10,2.5787920969998367e-11,5.473796919033627e-12,1.3367177760890397e-11,2.2616212453096394e-05,5
2.054734199711159e-10,1.8851508052560652e-11,4.683122325281428e-12,1.3991585610273893e-11,2.4524204733678437e-05,5
2.402239909255511e-10,2.6234252160397754e-11,8.052003649895272e-12,1.8278952657805165e-11,2.5147904828458163e-05,5
2.3406864144398654e-10,3.194529847281138e-11,7.109107525698127e-12,1.7874557989842946e-11,2.6760918002294872e-05,5
4.893057159585455e-10,3.386622137732919e-11,8.241545844363857e-12,1.806526360977275e-11,3.154464312963649e-05,5
4.178141301966403e-10,3.287581789914862e-11,4.980727158249802e-12,1.354464017541011e-11,2.8999374536573093e-05,5
3.625266886596685e-10,3.337823003272907e-11,6.041438939737107e-12,1.289713400091236e-11,3.0856642914007456e-05,5
1.7126018722965635e-10,1.6306039671467162e-11,5.003125460319887e-12,1.2960085648262464e-11,2.2262173606781008e-05,5
1.471244215668926e-10,2.0103974099910393e-11,6.799677853529957e-12,1.1614042222245641e-11,2.0063310121128553e-05,5
1.2790489730167437e-10,2.834867071893588e-11,5.022330787812968e-12,1.0440512168586708e-11,1.7079334951254934e-05,5
4.1240261853752144e-10,3.0223531911829626e-11,6.6152628065337674e-12,1.5026132727171008e-11,3.0011409783652694e-05,5
6.795049534531207e-10,5.3757427847401584e-11,7.986296868310822e-12,1.46282540077474e-11,4.1155519140895326e-05,5
3.495186689689361e-10,4.069093241454577e-11,1.0377965874839294e-11,1.9568489349498498e-11,3.077008859490499e-05,5
4.6299143966847317e-10,4.7001990611556726e-11,9.140879697318737e-12,1.8358832101223106e-11,2.9653632526974295e-05,5
4.265043594324069e-10,3.533839330536224e-11,8.213817618843994e-12,1.65884560369485e-11,2.935908790878548e-05,5
3.765438370549995e-10,4.051225686191657e-11,8.141047315234703e-12,1.737239321838896e-11,2.935739133857165e-05,5
1.7180967594180815e-10,1.3895142416979393e-11,4.4065966339749766e-12,1.4130363971907878e-11,2.0936503260062903e-05,5
1.1537986663737183e-10,1.3692256883845738e-11,3.0538430991992254e-12,8.494441964460716e-12,1.4208814202790369e-05,5
2.8942217577603e-10,2.8044659128472166e-11,7.595260478025791e-12,1.4748507424996137e-11,2.3287817657186234e-05,5
1.447923425241995e-10,2.998752992188635e-11,5.368313465608288e-12,1.2472068473343593e-11,1.7363087119555073e-05,5
3.212176900506845e-11,9.479125695439952e-12,3.6307620842354862e-12,9.798706497422714e-12,9.880180731905023e-06,5
6.73432421315012e-11,1.3698470402414829e-11,3.880079908985382e-12,1.1197888662313128e-11,1.2497414970674499e-05,5
7.594858039235498e-11,1.2143720479266687e-11,3.884941590963271e-12,1.1068638218303005e-11,1.2717649000925584e-05,5
1.2971524045670155e-10,1.6047166550120442e-11,4.432647308260942e-12,1.3185242715196093e-11,1.5051537549871727e-05,5
9.099362861917978e-11,1.0980338891713182e-11,3.493277426633458e-12,1.2435089272460054e-11,1.4110228956705387e-05,5
4.07305822334221e-10,3.9736762506383074e-11,1.0291717593135348e-11,2.532723136811255e-11,2.9141255354221906e-05,5
3.2150434355776324e-10,2.986909819835035e-11,5.701259428652018e-12,1.6472959606143566e-11,3.2154135601061234e-05,5
4.5353959733210114e-10,3.4559550124247834e-11,8.228359845316017e-12,1.976864337139302e-11,3.0022877230052377e-05,5
2.4663116849811246e-10,2.5921539136350697e-11,6.373734611486383e-12,1.5544122473290264e-11,2.3956657746655534e-05,5
3.5982593444978864e-10,3.414023136743387e-11,8.322878106612303e-12,1.7312777666877995e-11,2.739618948771128e-05,5
2.896894089288582e-10,2.8030368810894213e-11,6.296072386778905e-12,1.4104204671844753e-11,2.5312797316224983e-05,5
1.2260048372858567e-10,1.4420163908246868e-11,3.704177544488753e-12,1.0407864192796977e-11,1.6865625602377406e-05,5
3.2493092673032817e-10,3.0199327547088716e-11,7.239222704690768e-12,1.6591688426758317e-11,2.5234365076172607e-05,5
2.210268270959357e-10,1.888840302718274e-11,6.074654408435062e-12,1.7516902639914505e-11,2.391486715759013e-05,5
1.9641460430453837e-10,1.3977862767570407e-11,4.930000202377835e-12,1.0431234631664664e-11,2.2133791716612913e-05,5
2.7071731135261353e-10,1.727153584089812e-11,6.074918402130088e-12,1.2508798228389171e-11,2.478407867503851e-05,5
2.3178893704349963e-10,1.8246421429547532e-11,5.5707997938381235e-12,1.5174991446610497e-11,2.3641963737954e-05,5
2.387131773760382e-10,2.0462822439035316e-11,5.75535060991525e-12,1.904100756246998e-11,2.703864016496881e-05,5
2.9046648121755513e-10,1.9662652301390916e-11,4.993099321989246e-12,1.0810054339033007e-11,2.5897705777456063e-05,5
2.7495639340669837e-10,1.892351264286669e-11,4.5248626168523066e-12,1.0941023675843337e-11,2.294836757105248e-05,5
4.244446541677072e-10,3.0156363755829076e-11,6.488491212789421e-12,1.2732077423832742e-11,3.0745737076459246e-05,5
3.6729220687381294e-10,4.5002523903412255e-11,9.512041277049031e-12,1.598713765408827e-11,2.61157210610231e-05,5
4.017139921925869e-10,4.280644073235984e-11,9.113376747722506e-12,1.4488387567851048e-11,3.029950994278746e-05,5
4.586966075797847e-10,4.631204144806534e-11,8.177339566332318e-12,1.7944631020606865e-11,3.057237507627161e-05,5
2.1547784393389714e-10,3.058168455883386e-11,6.7074687005058205e-12,1.3697072357760222e-11,2.089720575189894e-05,5
2.8303584685553257e-10,2.7433102923491823e-11,7.012379220444896e-12,1.691723244724336e-11,2.536465129873226e-05,5
2.5017357168336854e-10,2.6472928843657243e-11,5.400126943791713e-12,1.4148477114209106e-11,2.4540976660308463e-05,5
3.898633690065367e-10,3.7434797611558864e-11,8.10219208826835e-12,1.7395317089637066e-11,2.8968986569289954e-05,5
4.66597932228104e-10,5.036220447303723e-11,1.1748714124272199e-11,1.92212042863118e-11,3.3714305304037866e-05,5
2.65151043238658e-10,3.703871485166583e-11,7.299654558387792e-12,1.753837501531959e-11,2.9010328835047664e-05,5
4.40559499691989e-10,3.36697698861452e-11,8.797922679776829e-12,2.1994355592164406e-11,2.7350360175300833e-05,5
5.152149196529513e-10,4.1819725980837276e-11,9.250889083723806e-12,2.180936617263319e-11,3.231553581242773e-05,5
1.952706143525557e-10,2.2784252190486573e-11,6.884655316483303e-12,1.4438068527600405e-11,2.4040139987344965e-05,5
1.0114168191545821e-10,1.44956257778982e-11,4.837916314647044e-12,1.067826903216678e-11,1.733796905334249e-05,5
3.4405897348834933e-10,4.154386159927812e-11,1.0810872509313395e-11,1.9706214668686023e-11,2.805139215603866e-05,5
3.9739756262175296e-10,6.370023595591738e-11,1.009199651362784e-11,1.6342848848368516e-11,2.9532825311125252e-05,5
4.1820555049235493e-10,3.3489539074971e-11,7.127522862890234e-12,1.5167162294382527e-11,2.8762061154537563e-05,5
2.761568643159471e-10,2.966938866705978e-11,6.5233695852430224e-12,1.7979334245830797e-11,2.567383145179491e-05,5
3.708401768572083e-10,4.70455783171576e-11,8.418244537317285e-12,2.0914910703601586e-11,2.8727729133795266e-05,5
4.430842961138534e-10,6.5870983710639e-11,1.4411376567874969e-11,2.6096220196225983e-11,3.2604041441686584e-05,5
1.7702423991369316e-10,1.964302512816122e-11,5.170071329762662e-12,1.2398516088884342e-11,1.990861720610001e-05,5
4.061458718186878e-10,4.143020813922786e-11,6.807482246628374e-12,1.4152169613905072e-11,2.9713655771881494e-05,5
2.486196589077864e-10,2.887176527618936e-11,7.384560170258248e-12,1.623689012690718e-11,2.3444674503808334e-05,5
2.0328641237924334e-10,2.940466149559287e-11,6.777309390193713e-12,1.859791332045372e-11,2.117202935625212e-05,5
2.33007608514371e-10,2.4905811150242773e-11,6.976576753351079e-12,1.3092220120213724e-11,2.048791144071818e-05,5
3.457749475824628e-10,2.6169252427571387e-11,7.741741950160915e-12,1.2570934910847138e-11,2.7104181475178502e-05,5
2.0698105631233728e-10,2.042479930175182e-11,6.404338145599687e-12,1.3411474490959532e-11,1.8316842830066768e-05,5
3.811440671376293e-10,3.609891063253145e-11,7.372684128992111e-12,1.4287059789633868e-11,2.443518064480413e-05,5
3.672394795872152e-10,3.399330867978137e-11,5.283315315695493e-12,1.3995447488383835e-11,2.1809620074546577e-05,5
1.559365821516893e-10,2.3362344971642514e-11,6.1255890329866265e-12,1.27377295717088e-11,1.6172273566614146e-05,5
4.491528916186196e-10,5.589929126764831e-11,9.144201353720562e-12,1.4834454162310657e-11,2.636250739260035e-05,5
2.9741643243634186e-10,4.152840301350965e-11,6.864385984946289e-12,1.760432395825095e-11,2.2550243277207355e-05,5
3.8802295496930633e-10,4.272912022981002e-11,5.830285945314393e-12,1.2328800188237091e-11,2.3757162525218462e-05,5
7.316789881452439e-10,4.501169043796193e-11,7.943819624078245e-12,1.4485696676331525e-11,3.4440345209510434e-05,5
4.819060169569755e-10,4.2401352226295046e-11,7.759817816999769e-12,1.6177221852551245e-11,2.6605870629585475e-05,5
4.786143437337964e-10,4.386643100995405e-11,8.324455005510601e-12,1.4484549826874163e-11,2.82007467459661e-05,5
4.424756405848522e-10,3.3919595840191016e-11,7.0296907982017285e-12,1.4002450625569303e-11,2.6255491505139257e-05,5
2.677934236655581e-10,3.980020175803611e-11,5.98730494199848e-12,1.3609872812473977e-11,2.1097515624565392e-05,5
2.677355902878984e-10,4.004330567333243e-11,7.551126439629205e-12,1.9847037626991124e-11,2.0646594946771314e-05,5
3.439789463122836e-10,5.287773529516717e-11,7.976007413908005e-12,2.2669101750219046e-11,2.369120158542989e-05,5
1.8119249944798197e-10,2.5306501093230096e-11,4.953111209977884e-12,1.2732561006837828e-11,1.6885998310954304e-05,5
2.1479997268160208e-10,2.6962732940403163e-11,5.721540556848243e-12,1.218845968655322e-11,2.0048622706386413e-05,5
2.5934948010763863e-10,4.1877827777719866e-11,7.964186972098163e-12,1.5219261806886263e-11,2.0808119061128898e-05,5
1.8882978782698025e-10,2.5383078016494605e-11,5.66997377345262e-12,1.2076930029252768e-11,1.794863493859986e-05,5
2.9129945673276065e-10,4.528834353055331e-11,7.674086706447713e-12,1.659246235694507e-11,2.2328442547931654e-05,5
2.7211501384310376e-10,2.4771959117778634e-11,4.312162742418644e-12,9.61806098246088e-12,2.182008980281981e-05,5
6.046104806381093e-10,6.370144487570872e-11,8.843068902016566e-12,1.5006620059616153e-11,2.9624238114854653e-05,5
3.240220341651333e-10,3.318239999264491e-11,6.2168298427882494e-12,1.445034170250234e-11,2.3105911447395707e-05,5
2.489389771981457e-10,4.16751651450845e-11,7.68268859441491e-12,1.7288457187448795e-11,2.0441314486774675e-05,5
4.157381079486903e-10,4.554346227052211e-11,9.21827025111582e-12,1.2913928054112585e-11,2.7522753642589177e-05,5
3.536777869310503e-10,3.588156447357168e-11,6.460830879948846e-12,1.3433871007909353e-11,2.4137461690291412e-05,5
3.4004626215205736e-10,4.23288395746225e-11,7.91814535536027e-12,1.3500849712283136e-11,2.4267033507049772e-05,5
2.28346933229924e-10,3.811546622505736e-11,6.539902505705296e-12,1.2655774724675105e-11,2.054655803808153e-05,5
3.102065415131889e-10,3.587547750174169e-11,8.110111052957627e-12,1.7834194571020993e-11,2.1876686121131883e-05,5
4.673862381279804e-10,3.7159271042775607e-11,7.378063662860059e-12,1.3811484237484818e-11,2.7645348412606824e-05,5
3.876251426708158e-10,4.632901185034846e-11,6.304873149470141e-12,1.4052856293911844e-11,2.5896489941692987e-05,5
3.358845997272534e-10,5.156480649758909e-11,9.143695799979624e-12,1.63963865072051e-11,2.4607256820832267e-05,5
3.9060872940325147e-10,3.661289048313809e-11,6.9532767926875624e-12,1.560348169514657e-11,2.6675106436499864e-05,5
2.462166049786859e-10,4.428203894197921e-11,1.2212787007858856e-11,1.519700947836523e-11,2.0364530514659763e-05,5
2.7368581507852837e-10,4.088492090564708e-11,7.045350198758597e-12,1.535858433651926e-11,2.0660171616735765e-05,5
2.0480504974469547e-10,3.205246863664442e-11,5.835166505759314e-12,1.735020044555877e-11,2.0791291066302995e-05,5
1.177963334136959e-10,2.3455600197606044e-11,4.290077462683357e-12,1.2568925363274951e-11,1.4949527734317567e-05,5
1.913420364523056e-10,3.1988955234510623e-11,6.098787731324806e-12,1.678405692196016e-11,1.807730420010513e-05,5
2.2897155206251252e-10,3.0185819245965966e-11,5.924189179503862e-12,8.689805394310087e-12,2.170236437548816e-05,5
2.31310427589363e-10,2.732205963339838e-11,5.11875546897271e-12,9.851633971810982e-12,1.991847235658198e-05,5
2.138863848360722e-10,2.8337986637369002e-11,5.668267513130576e-12,1.094394342787421e-11,1.96098001292957e-05,5
2.3109506426393359e-10,3.739560625867089e-11,8.38483713280466e-12,1.2183465233035712e-11,2.067486272934084e-05,5
2.874515975125403e-10,2.7028122797831373e-11,6.8878577550157446e-12,1.230944008394514e-11,2.250707657200952e-05,5
4.093077769657877e-10,4.324866370230046e-11,7.357806031599215e-12,1.4243054428717108e-11,2.668701732607049e-05,5
1.2161027423470272e-10,3.0449682588560034e-11,6.216682374900695e-12,1.8447438311788806e-11,1.5972418981435503e-05,5
1.9102379070394268e-10,3.909335132854848e-11,7.638182795774865e-12,1.4132936550324695e-11,1.9137763045319292e-05,5
2.321517008991553e-10,2.853338013962602e-11,6.758323324786447e-12,1.4186127734812304e-11,2.0007484834916955e-05,5
6.555490564716427e-10,6.654211021310618e-11,1.428468388399188e-11,2.568398322743013e-11,3.666623891269222e-05,5
4.523125059812011e-10,7.200065280024241e-11,1.2303069364948553e-11,2.408633950803869e-11,3.192826826778416e-05,5
6.047218371140387e-10,7.73506109276097e-11,1.2461452468834857e-11,2.3838412062980003e-11,3.619029040940161e-05,5
5.530660434432716e-10,6.563157507059245e-11,1.1774706724009032e-11,1.8786012254181347e-11,3.71201677001879e-05,5
6.745903188643315e-10,5.644470980047676e-11,9.236773307508878e-12,1.6977019199689178e-11,3.323195982261673e-05,5
6.925978854393136e-10,7.950851904494853e-11,1.3152844599993628e-11,4.5893475695592235e-11,3.546930131871313e-05,5
7.690975452713055e-10,1.0600880822388277e-10,1.7200660080857463e-11,2.893219326448266e-11,3.5005279209877327e-05,5
3.205676423512943e-10,2.3515838276345256e-11,6.630819909644713e-12,2.3584640117166235e-11,2.3628594822074996e-05,5
8.681241577938278e-10,7.160271640456917e-11,1.2707260770358221e-11,3.014712969028264e-11,3.885965915613003e-05,5
5.675943212096108e-10,4.805854844744003e-11,9.615015211108885e-12,2.2224961454594473e-11,3.3481475317180506e-05,5
5.175328112801686e-10,7.138078654110178e-11,1.240065653366168e-11,1.565049517275146e-11,3.249201312531669e-05,5
5.706149413934611e-10,5.301980405126063e-11,8.15407544353297e-12,1.3853565060249011e-11,3.634306247404955e-05,5
5.687191233717554e-10,4.3351842371091144e-11,7.244844349526675e-12,1.4772754277948646e-11,3.1905563983530606e-05,5
1.5133038130302318e-10,2.7258141141338546e-11,6.415650793304903e-12,1.7916712200374257e-11,1.7450348597858733e-05,5
1.6675362658169603e-10,3.129571688515986e-11,6.621448287583541e-12,1.3316583421254693e-11,1.787988226045137e-05,5
1.3447319532222817e-10,2.5466890287063017e-11,5.937965661973238e-12,1.3140958527654457e-11,1.9833226014039262e-05,5
3.1646502750079427e-10,3.203697415166265e-11,7.241834189852805e-12,1.560388300827458e-11,2.4831195770385807e-05,5
1.6080518927233512e-10,3.1025877757305474e-11,7.43455846792628e-12,1.2748919359649465e-11,1.8232062559938384e-05,5
3.71627981142479e-10,2.8872675396567607e-11,5.924105484755794e-12,1.2982197324888118e-11,2.474240154433065e-05,5
2.5778566961656486e-10,3.788868349380323e-11,7.895484568345944e-12,1.5637077729771226e-11,2.411538583750275e-05,5
